hashtag_id,hashtag,category,subcategory,is_brand_safe,content_rating,search_volume_tier,language_primary,created_at,last_updated
HT000001,06,Entertainment,General Entertainment,1,G,low,en,2024-01-01,2026-05-01
HT000002,100k,Entertainment,General Entertainment,1,G,medium,en,2024-01-01,2026-05-01
HT000003,100kviews,Entertainment,General Entertainment,1,G,viral,en,2024-01-01,2026-05-01
HT000004,1980srock,Entertainment,General Entertainment,1,G,viral,en,2024-01-01,2026-05-01
HT000005,1m,Entertainment,General Entertainment,1,G,low,en,2024-01-01,2026-05-01
HT000006,1million,Entertainment,General Entertainment,1,G,high,en,2024-01-01,2026-05-01
HT000007,1millionaudition,Entertainment,General Entertainment,1,G,viral,en,2024-01-01,2026-05-01
HT000008,1millionviews,Entertainment,General Entertainment,1,G,viral,en,2024-01-01,2026-05-01
HT000009,1persondance,Entertainment,General Entertainment,1,G,viral,en,2024-01-01,2026-05-01
HT000010,2007,Entertainment,General Entertainment,1,G,medium,en,2024-01-01,2026-05-01
HT000011,2026,Entertainment,General Entertainment,1,G,medium,en,2024-01-01,2026-05-01
HT000012,24oras,Entertainment,General Entertainment,1,G,high,en,2024-01-01,2026-05-01
HT000013,2man,Entertainment,General Entertainment,1,G,medium,en,2024-01-01,2026-05-01
HT000014,3d,Entertainment,General Entertainment,1,G,low,en,2024-01-01,2026-05-01
HT000015,3danimation,Entertainment,General Entertainment,1,G,viral,en,2024-01-01,2026-05-01
HT000016,3dmedical,Entertainment,General Entertainment,1,G,viral,en,2024-01-01,2026-05-01
HT000017,3dmedicalanimation,Entertainment,General Entertainment,1,G,viral,en,2024-01-01,2026-05-01
HT000018,3dprint,Entertainment,General Entertainment,1,G,high,en,2024-01-01,2026-05-01
HT000019,3dprinting,Entertainment,General Entertainment,1,G,viral,en,2024-01-01,2026-05-01
HT000020,4u,Entertainment,General Entertainment,1,G,low,en,2024-01-01,2026-05-01
HT000021,4yourpage,Entertainment,General Entertainment,1,G,viral,en,2024-01-01,2026-05-01
HT000022,500k,Entertainment,General Entertainment,1,G,medium,en,2024-01-01,2026-05-01
HT000023,500kviews,Entertainment,General Entertainment,1,G,viral,en,2024-01-01,2026-05-01
HT000024,515,Entertainment,General Entertainment,1,G,medium,en,2024-01-01,2026-05-01
HT000025,64bitmedia,Entertainment,General Entertainment,1,G,viral,en,2024-01-01,2026-05-01
HT000026,64bitnews,Entertainment,General Entertainment,1,G,viral,en,2024-01-01,2026-05-01
HT000027,67,Entertainment,General Entertainment,1,G,low,en,2024-01-01,2026-05-01
HT000028,6ix9ine,Entertainment,General Entertainment,1,G,high,en,2024-01-01,2026-05-01
HT000029,70s,Entertainment,General Entertainment,1,G,medium,en,2024-01-01,2026-05-01
HT000030,80s,Entertainment,General Entertainment,1,G,medium,en,2024-01-01,2026-05-01
HT000031,80shits,Entertainment,General Entertainment,1,G,high,en,2024-01-01,2026-05-01
HT000032,80smusic,Entertainment,General Entertainment,1,G,high,en,2024-01-01,2026-05-01
HT000033,8d,Entertainment,General Entertainment,1,G,low,en,2024-01-01,2026-05-01
HT000034,90smsusic,Entertainment,General Entertainment,1,G,viral,en,2024-01-01,2026-05-01
HT000035,90sthrowback,Entertainment,General Entertainment,1,G,viral,en,2024-01-01,2026-05-01
HT000036,9today,Entertainment,General Entertainment,1,G,high,en,2024-01-01,2026-05-01
HT000037,aaronparnas,Entertainment,General Entertainment,1,G,viral,en,2024-01-01,2026-05-01
HT000038,aaronparnas1,Entertainment,General Entertainment,1,G,viral,en,2024-01-01,2026-05-01
HT000039,abc13,Entertainment,General Entertainment,1,G,medium,en,2024-01-01,2026-05-01
HT000040,abc7la,Entertainment,General Entertainment,1,G,high,en,2024-01-01,2026-05-01
HT000041,abcxyz,Entertainment,General Entertainment,1,G,high,en,2024-01-01,2026-05-01
HT000042,accountgrow,Entertainment,General Entertainment,1,G,viral,en,2024-01-01,2026-05-01
HT000043,accountunfrreez,Entertainment,General Entertainment,1,G,viral,en,2024-01-01,2026-05-01
HT000044,actionfigures,Entertainment,General Entertainment,1,G,viral,en,2024-01-01,2026-05-01
HT000045,actual,News & Politics,Current Affairs,0,PG-13,high,en,2024-01-01,2026-05-01
HT000046,adhd,Entertainment,General Entertainment,1,G,medium,en,2024-01-01,2026-05-01
HT000047,adinross,Entertainment,General Entertainment,1,G,high,en,2024-01-01,2026-05-01
HT000048,adinrossclips,Entertainment,General Entertainment,1,G,viral,en,2024-01-01,2026-05-01
HT000049,adinrossfunny,Entertainment,General Entertainment,1,G,viral,en,2024-01-01,2026-05-01
HT000050,aesthetic,Beauty & Fashion,Lifestyle & Style,1,G,viral,en,2024-01-01,2026-05-01
HT000051,aestheticmusic,Entertainment,General Entertainment,1,G,viral,en,2024-01-01,2026-05-01
HT000052,aestheticvideos,Entertainment,General Entertainment,1,G,viral,en,2024-01-01,2026-05-01
HT000053,affordablemakeup,Entertainment,General Entertainment,1,G,viral,en,2024-01-01,2026-05-01
HT000054,africa,Entertainment,General Entertainment,1,G,high,en,2024-01-01,2026-05-01
HT000055,africandwarffrogs,Entertainment,General Entertainment,1,G,viral,en,2024-01-01,2026-05-01
HT000056,aftereffects,Entertainment,General Entertainment,1,G,viral,en,2024-01-01,2026-05-01
HT000057,afterschool,Entertainment,General Entertainment,1,G,viral,en,2024-01-01,2026-05-01
HT000058,ai,Technology,Innovation & Tech,1,G,low,en,2024-01-01,2026-05-01
HT000059,aiart,Entertainment,General Entertainment,1,G,medium,en,2024-01-01,2026-05-01
HT000060,aidboats,Entertainment,General Entertainment,1,G,high,en,2024-01-01,2026-05-01
HT000061,aigottalent,Entertainment,General Entertainment,1,G,viral,en,2024-01-01,2026-05-01
HT000062,aiims,Entertainment,General Entertainment,1,G,medium,en,2024-01-01,2026-05-01
HT000063,ainews,Entertainment,General Entertainment,1,G,high,en,2024-01-01,2026-05-01
HT000064,ainsleyearhardt,Entertainment,General Entertainment,1,G,viral,en,2024-01-01,2026-05-01
HT000065,aitrend,Entertainment,General Entertainment,1,G,high,en,2024-01-01,2026-05-01
HT000066,ali,Entertainment,General Entertainment,1,G,medium,en,2024-01-01,2026-05-01
HT000067,alien,Entertainment,General Entertainment,1,G,medium,en,2024-01-01,2026-05-01
HT000068,aliens,Entertainment,General Entertainment,1,G,high,en,2024-01-01,2026-05-01
HT000069,alishbahanjum,Entertainment,General Entertainment,1,G,viral,en,2024-01-01,2026-05-01
HT000070,alisiddiq,Entertainment,General Entertainment,1,G,viral,en,2024-01-01,2026-05-01
HT000071,allah,Entertainment,General Entertainment,1,G,medium,en,2024-01-01,2026-05-01
HT000072,allthestars,Entertainment,General Entertainment,1,G,viral,en,2024-01-01,2026-05-01
HT000073,alternative,Entertainment,General Entertainment,1,G,viral,en,2024-01-01,2026-05-01
HT000074,altrend,Entertainment,General Entertainment,1,G,high,en,2024-01-01,2026-05-01
HT000075,alwaysinmyheart,Entertainment,General Entertainment,1,G,viral,en,2024-01-01,2026-05-01
HT000076,amadkhan0072,Entertainment,General Entertainment,1,G,viral,en,2024-01-01,2026-05-01
HT000077,amaizing,Entertainment,General Entertainment,1,G,high,en,2024-01-01,2026-05-01
HT000078,amalie,Entertainment,General Entertainment,1,G,high,en,2024-01-01,2026-05-01
HT000079,aman,Entertainment,General Entertainment,1,G,medium,en,2024-01-01,2026-05-01
HT000080,amazing,Entertainment,General Entertainment,1,G,high,en,2024-01-01,2026-05-01
HT000081,amazonsavingspree,Entertainment,General Entertainment,1,G,viral,en,2024-01-01,2026-05-01
HT000082,america,Entertainment,General Entertainment,1,G,high,en,2024-01-01,2026-05-01
HT000083,americasgottalent,Entertainment,General Entertainment,1,G,viral,en,2024-01-01,2026-05-01
HT000084,analysis,Entertainment,General Entertainment,1,G,high,en,2024-01-01,2026-05-01
HT000085,anatomy,Entertainment,General Entertainment,1,G,high,en,2024-01-01,2026-05-01
HT000086,anatomy3d,Entertainment,General Entertainment,1,G,viral,en,2024-01-01,2026-05-01
HT000087,anatomyeducation,Entertainment,General Entertainment,1,G,viral,en,2024-01-01,2026-05-01
HT000088,anatomyoftheheart,Entertainment,General Entertainment,1,G,viral,en,2024-01-01,2026-05-01
HT000089,andrew,Entertainment,General Entertainment,1,G,high,en,2024-01-01,2026-05-01
HT000090,andrewsantino,Entertainment,General Entertainment,1,G,viral,en,2024-01-01,2026-05-01
HT000091,animal,Entertainment,General Entertainment,1,G,high,en,2024-01-01,2026-05-01
HT000092,animalfacts,Entertainment,General Entertainment,1,G,viral,en,2024-01-01,2026-05-01
HT000093,animals,Animals & Pets,Nature & Creatures,1,G,high,en,2024-01-01,2026-05-01
HT000094,animation,Entertainment,General Entertainment,1,G,viral,en,2024-01-01,2026-05-01
HT000095,animationmeme,Entertainment,General Entertainment,1,G,viral,en,2024-01-01,2026-05-01
HT000096,anime,Entertainment,General Entertainment,1,G,medium,en,2024-01-01,2026-05-01
HT000097,anisarahma,Entertainment,General Entertainment,1,G,viral,en,2024-01-01,2026-05-01
HT000098,aotearoa,Entertainment,General Entertainment,1,G,high,en,2024-01-01,2026-05-01
HT000099,apple,Technology,Innovation & Tech,1,G,medium,en,2024-01-01,2026-05-01
HT000100,applejuice,Entertainment,General Entertainment,1,G,viral,en,2024-01-01,2026-05-01
HT000101,applemusic,Entertainment,General Entertainment,1,G,viral,en,2024-01-01,2026-05-01
HT000102,april,Entertainment,General Entertainment,1,G,medium,en,2024-01-01,2026-05-01
HT000103,aprilfools,Entertainment,General Entertainment,1,G,viral,en,2024-01-01,2026-05-01
HT000104,aquarium,Entertainment,General Entertainment,1,G,high,en,2024-01-01,2026-05-01
HT000105,arachnology,Entertainment,General Entertainment,1,G,viral,en,2024-01-01,2026-05-01
HT000106,arachnophobia,Entertainment,General Entertainment,1,G,viral,en,2024-01-01,2026-05-01
HT000107,arcane,Entertainment,General Entertainment,1,G,high,en,2024-01-01,2026-05-01
HT000108,arianagrande,Entertainment,General Entertainment,1,G,viral,en,2024-01-01,2026-05-01
HT000109,arianatok,Entertainment,General Entertainment,1,G,viral,en,2024-01-01,2026-05-01
HT000110,ariesspearslive,Entertainment,General Entertainment,1,G,viral,en,2024-01-01,2026-05-01
HT000111,art,Entertainment,General Entertainment,1,G,medium,en,2024-01-01,2026-05-01
HT000112,artis,Entertainment,General Entertainment,1,G,medium,en,2024-01-01,2026-05-01
HT000113,arynews,Entertainment,General Entertainment,1,G,high,en,2024-01-01,2026-05-01
HT000114,ashby,Entertainment,General Entertainment,1,G,medium,en,2024-01-01,2026-05-01
HT000115,ashbylive,Entertainment,General Entertainment,1,G,viral,en,2024-01-01,2026-05-01
HT000116,asian,Entertainment,General Entertainment,1,G,medium,en,2024-01-01,2026-05-01
HT000117,asmr,Entertainment,General Entertainment,1,G,medium,en,2024-01-01,2026-05-01
HT000118,asmreating,Entertainment,General Entertainment,1,G,viral,en,2024-01-01,2026-05-01
HT000119,asmrsounds,Entertainment,General Entertainment,1,G,viral,en,2024-01-01,2026-05-01
HT000120,asteroid,Entertainment,General Entertainment,1,G,high,en,2024-01-01,2026-05-01
HT000121,asteroids,Entertainment,General Entertainment,1,G,viral,en,2024-01-01,2026-05-01
HT000122,astrobiology,Entertainment,General Entertainment,1,G,viral,en,2024-01-01,2026-05-01
HT000123,astronaut,Entertainment,General Entertainment,1,G,viral,en,2024-01-01,2026-05-01
HT000124,astronomia,Entertainment,General Entertainment,1,G,viral,en,2024-01-01,2026-05-01
HT000125,astronomy,Science & Education,STEM & Learning,1,G,viral,en,2024-01-01,2026-05-01
HT000126,astronomytok,Entertainment,General Entertainment,1,G,viral,en,2024-01-01,2026-05-01
HT000127,astrophysics,Entertainment,General Entertainment,1,G,viral,en,2024-01-01,2026-05-01
HT000128,athiesm,Entertainment,General Entertainment,1,G,high,en,2024-01-01,2026-05-01
HT000129,atom,Entertainment,General Entertainment,1,G,medium,en,2024-01-01,2026-05-01
HT000130,attackontrump,Entertainment,General Entertainment,1,G,viral,en,2024-01-01,2026-05-01
HT000131,auckland,Entertainment,General Entertainment,1,G,high,en,2024-01-01,2026-05-01
HT000132,audio,Entertainment,General Entertainment,1,G,medium,en,2024-01-01,2026-05-01
HT000133,aura,Entertainment,General Entertainment,1,G,medium,en,2024-01-01,2026-05-01
HT000134,australia,Entertainment,General Entertainment,1,G,viral,en,2024-01-01,2026-05-01
HT000135,aux,Entertainment,General Entertainment,1,G,medium,en,2024-01-01,2026-05-01
HT000136,avengers,Entertainment,General Entertainment,1,G,high,en,2024-01-01,2026-05-01
HT000137,avengersendgame,Entertainment,General Entertainment,1,G,viral,en,2024-01-01,2026-05-01
HT000138,avengersinfinitywar,Entertainment,General Entertainment,1,G,viral,en,2024-01-01,2026-05-01
HT000139,avondale,Entertainment,General Entertainment,1,G,high,en,2024-01-01,2026-05-01
HT000140,avondalespider,Entertainment,General Entertainment,1,G,viral,en,2024-01-01,2026-05-01
HT000141,awareness,Entertainment,General Entertainment,1,G,viral,en,2024-01-01,2026-05-01
HT000142,awkward,Entertainment,General Entertainment,1,G,high,en,2024-01-01,2026-05-01
HT000143,axandthehatchetmen,Entertainment,General Entertainment,1,G,viral,en,2024-01-01,2026-05-01
HT000144,az,Entertainment,General Entertainment,1,G,low,en,2024-01-01,2026-05-01
HT000145,babiesoftiktok,Entertainment,General Entertainment,1,G,viral,en,2024-01-01,2026-05-01
HT000146,baby,Entertainment,General Entertainment,1,G,medium,en,2024-01-01,2026-05-01
HT000147,babydoll,Entertainment,General Entertainment,1,G,high,en,2024-01-01,2026-05-01
HT000148,backpain,Entertainment,General Entertainment,1,G,high,en,2024-01-01,2026-05-01
HT000149,badfriends,Entertainment,General Entertainment,1,G,viral,en,2024-01-01,2026-05-01
HT000150,badfriendspod,Entertainment,General Entertainment,1,G,viral,en,2024-01-01,2026-05-01
HT000151,baile,Entertainment,General Entertainment,1,G,medium,en,2024-01-01,2026-05-01
HT000152,balita,Entertainment,General Entertainment,1,G,high,en,2024-01-01,2026-05-01
HT000153,ballad,Entertainment,General Entertainment,1,G,high,en,2024-01-01,2026-05-01
HT000154,ballibotmogis,Entertainment,General Entertainment,1,G,viral,en,2024-01-01,2026-05-01
HT000155,balloons,Entertainment,General Entertainment,1,G,high,en,2024-01-01,2026-05-01
HT000156,bananaball,Entertainment,General Entertainment,1,G,viral,en,2024-01-01,2026-05-01
HT000157,band,Music,Audio & Performance,1,G,medium,en,2024-01-01,2026-05-01
HT000158,banger,Entertainment,General Entertainment,1,G,high,en,2024-01-01,2026-05-01
HT000159,bangladesh,Entertainment,General Entertainment,1,G,viral,en,2024-01-01,2026-05-01
HT000160,banglanews,Entertainment,General Entertainment,1,G,viral,en,2024-01-01,2026-05-01
HT000161,bangsaonline,Entertainment,General Entertainment,1,G,viral,en,2024-01-01,2026-05-01
HT000162,barretoedits,Entertainment,General Entertainment,1,G,viral,en,2024-01-01,2026-05-01
HT000163,bartok,Entertainment,General Entertainment,1,G,high,en,2024-01-01,2026-05-01
HT000164,based,Entertainment,General Entertainment,1,G,medium,en,2024-01-01,2026-05-01
HT000165,batman,Entertainment,General Entertainment,1,G,high,en,2024-01-01,2026-05-01
HT000166,bbcnews,Entertainment,General Entertainment,1,G,high,en,2024-01-01,2026-05-01
HT000167,bdnews,Entertainment,General Entertainment,1,G,high,en,2024-01-01,2026-05-01
HT000168,bdtiktok,Entertainment,General Entertainment,1,G,high,en,2024-01-01,2026-05-01
HT000169,beach,Travel,Adventure & Places,1,G,medium,en,2024-01-01,2026-05-01
HT000170,beatit,Entertainment,General Entertainment,1,G,high,en,2024-01-01,2026-05-01
HT000171,beautiful,Entertainment,General Entertainment,1,G,viral,en,2024-01-01,2026-05-01
HT000172,beauty,Beauty & Fashion,Lifestyle & Style,1,G,high,en,2024-01-01,2026-05-01
HT000173,beautyandabeat,Entertainment,General Entertainment,1,G,viral,en,2024-01-01,2026-05-01
HT000174,beautygirls,Entertainment,General Entertainment,1,G,viral,en,2024-01-01,2026-05-01
HT000175,bebe,Entertainment,General Entertainment,1,G,medium,en,2024-01-01,2026-05-01
HT000176,beer,Entertainment,General Entertainment,1,G,medium,en,2024-01-01,2026-05-01
HT000177,beertok,Entertainment,General Entertainment,1,G,high,en,2024-01-01,2026-05-01
HT000178,beforeiforget,Entertainment,General Entertainment,1,G,viral,en,2024-01-01,2026-05-01
HT000179,benbankas,Entertainment,General Entertainment,1,G,viral,en,2024-01-01,2026-05-01
HT000180,benbankascomedy,Entertainment,General Entertainment,1,G,viral,en,2024-01-01,2026-05-01
HT000181,beritaviral,Entertainment,General Entertainment,1,G,viral,en,2024-01-01,2026-05-01
HT000182,bestexperiment,Entertainment,General Entertainment,1,G,viral,en,2024-01-01,2026-05-01
HT000183,bestsongs,Entertainment,General Entertainment,1,G,viral,en,2024-01-01,2026-05-01
HT000184,betfullvideo,Entertainment,General Entertainment,1,G,viral,en,2024-01-01,2026-05-01
HT000185,beyonce,Entertainment,General Entertainment,1,G,high,en,2024-01-01,2026-05-01
HT000186,beyondreality,Entertainment,General Entertainment,1,G,viral,en,2024-01-01,2026-05-01
HT000187,bff,Entertainment,General Entertainment,1,G,medium,en,2024-01-01,2026-05-01
HT000188,bible,Entertainment,General Entertainment,1,G,medium,en,2024-01-01,2026-05-01
HT000189,bieberchella,Entertainment,General Entertainment,1,G,viral,en,2024-01-01,2026-05-01
HT000190,bigbeautifullbill,Entertainment,General Entertainment,1,G,viral,en,2024-01-01,2026-05-01
HT000191,bigreveal,Entertainment,General Entertainment,1,G,viral,en,2024-01-01,2026-05-01
HT000192,bigspider,Entertainment,General Entertainment,1,G,viral,en,2024-01-01,2026-05-01
HT000193,biketok,Entertainment,General Entertainment,1,G,high,en,2024-01-01,2026-05-01
HT000194,bikini,Entertainment,General Entertainment,1,G,high,en,2024-01-01,2026-05-01
HT000195,billmaher,Entertainment,General Entertainment,1,G,viral,en,2024-01-01,2026-05-01
HT000196,billnye,Entertainment,General Entertainment,1,G,high,en,2024-01-01,2026-05-01
HT000197,bio,Entertainment,General Entertainment,1,G,medium,en,2024-01-01,2026-05-01
HT000198,bioelectricity,Entertainment,General Entertainment,1,G,viral,en,2024-01-01,2026-05-01
HT000199,biologist,Entertainment,General Entertainment,1,G,viral,en,2024-01-01,2026-05-01
HT000200,biology,Science & Education,STEM & Learning,1,G,high,en,2024-01-01,2026-05-01
HT000201,biologyexplained,Entertainment,General Entertainment,1,G,viral,en,2024-01-01,2026-05-01
HT000202,bismuth,Entertainment,General Entertainment,1,G,high,en,2024-01-01,2026-05-01
HT000203,blackhole,Entertainment,General Entertainment,1,G,viral,en,2024-01-01,2026-05-01
HT000204,blackpanther,Entertainment,General Entertainment,1,G,viral,en,2024-01-01,2026-05-01
HT000205,blacktiktok,Entertainment,General Entertainment,1,G,viral,en,2024-01-01,2026-05-01
HT000206,blackwidow,Entertainment,General Entertainment,1,G,viral,en,2024-01-01,2026-05-01
HT000207,blakelively,Entertainment,General Entertainment,1,G,viral,en,2024-01-01,2026-05-01
HT000208,blaustandup,Entertainment,General Entertainment,1,G,viral,en,2024-01-01,2026-05-01
HT000209,blockblast,Entertainment,General Entertainment,1,G,viral,en,2024-01-01,2026-05-01
HT000210,blowthisup,Entertainment,General Entertainment,1,G,viral,en,2024-01-01,2026-05-01
HT000211,blowthisupplsss,Entertainment,General Entertainment,1,G,viral,en,2024-01-01,2026-05-01
HT000212,blowup,Entertainment,General Entertainment,1,G,high,en,2024-01-01,2026-05-01
HT000213,bobbylee,Entertainment,General Entertainment,1,G,high,en,2024-01-01,2026-05-01
HT000214,bobbymcferrin,Entertainment,General Entertainment,1,G,viral,en,2024-01-01,2026-05-01
HT000215,body,Entertainment,General Entertainment,1,G,medium,en,2024-01-01,2026-05-01
HT000216,bodyfacts,Entertainment,General Entertainment,1,G,viral,en,2024-01-01,2026-05-01
HT000217,bollywood,Entertainment,General Entertainment,1,G,viral,en,2024-01-01,2026-05-01
HT000218,bollywoodking,Entertainment,General Entertainment,1,G,viral,en,2024-01-01,2026-05-01
HT000219,bondibeach,Entertainment,General Entertainment,1,G,viral,en,2024-01-01,2026-05-01
HT000220,booktok,Entertainment,General Entertainment,1,G,high,en,2024-01-01,2026-05-01
HT000221,boosted,Entertainment,General Entertainment,1,G,high,en,2024-01-01,2026-05-01
HT000222,boyfriend,Entertainment,General Entertainment,1,G,viral,en,2024-01-01,2026-05-01
HT000223,brain,Entertainment,General Entertainment,1,G,medium,en,2024-01-01,2026-05-01
HT000224,brainchallenge,Entertainment,General Entertainment,1,G,viral,en,2024-01-01,2026-05-01
HT000225,brainfacts,Entertainment,General Entertainment,1,G,viral,en,2024-01-01,2026-05-01
HT000226,brakingnews,Entertainment,General Entertainment,1,G,viral,en,2024-01-01,2026-05-01
HT000227,brazil,Entertainment,General Entertainment,1,G,high,en,2024-01-01,2026-05-01
HT000228,breaking,Entertainment,General Entertainment,1,G,high,en,2024-01-01,2026-05-01
HT000229,breakingnew,Entertainment,General Entertainment,1,G,viral,en,2024-01-01,2026-05-01
HT000230,breakingnews,News & Politics,Current Affairs,0,PG-13,viral,en,2024-01-01,2026-05-01
HT000231,breakingnewsph,Entertainment,General Entertainment,1,G,viral,en,2024-01-01,2026-05-01
HT000232,breakingnewsusa,Entertainment,General Entertainment,1,G,viral,en,2024-01-01,2026-05-01
HT000233,breakingnewsvira,Entertainment,General Entertainment,1,G,viral,en,2024-01-01,2026-05-01
HT000234,breakingupdate,Entertainment,General Entertainment,1,G,viral,en,2024-01-01,2026-05-01
HT000235,breakingusa,Entertainment,General Entertainment,1,G,viral,en,2024-01-01,2026-05-01
HT000236,breakup,Entertainment,General Entertainment,1,G,high,en,2024-01-01,2026-05-01
HT000237,brendaoops,Entertainment,General Entertainment,1,G,viral,en,2024-01-01,2026-05-01
HT000238,brewing,Entertainment,General Entertainment,1,G,high,en,2024-01-01,2026-05-01
HT000239,brianregan,Entertainment,General Entertainment,1,G,viral,en,2024-01-01,2026-05-01
HT000240,brighteyes,Entertainment,General Entertainment,1,G,viral,en,2024-01-01,2026-05-01
HT000241,brooklyn,Entertainment,General Entertainment,1,G,high,en,2024-01-01,2026-05-01
HT000242,brunnete,Entertainment,General Entertainment,1,G,high,en,2024-01-01,2026-05-01
HT000243,bsf,Entertainment,General Entertainment,1,G,medium,en,2024-01-01,2026-05-01
HT000244,bubbles,Entertainment,General Entertainment,1,G,high,en,2024-01-01,2026-05-01
HT000245,bug,Entertainment,General Entertainment,1,G,medium,en,2024-01-01,2026-05-01
HT000246,bugs,Entertainment,General Entertainment,1,G,medium,en,2024-01-01,2026-05-01
HT000247,calm,Entertainment,General Entertainment,1,G,medium,en,2024-01-01,2026-05-01
HT000248,camerondiaz,Entertainment,General Entertainment,1,G,viral,en,2024-01-01,2026-05-01
HT000249,campomelicdysplasia,Entertainment,General Entertainment,1,G,viral,en,2024-01-01,2026-05-01
HT000250,candace,Entertainment,General Entertainment,1,G,high,en,2024-01-01,2026-05-01
HT000251,candaceowen,Entertainment,General Entertainment,1,G,viral,en,2024-01-01,2026-05-01
HT000252,candiedfruits,Entertainment,General Entertainment,1,G,viral,en,2024-01-01,2026-05-01
HT000253,candiedgrapes,Entertainment,General Entertainment,1,G,viral,en,2024-01-01,2026-05-01
HT000254,capcut,Entertainment,General Entertainment,1,G,high,en,2024-01-01,2026-05-01
HT000255,capcutpioneer,Entertainment,General Entertainment,1,G,viral,en,2024-01-01,2026-05-01
HT000256,captainamerica,Entertainment,General Entertainment,1,G,viral,en,2024-01-01,2026-05-01
HT000257,captainmarvel,Entertainment,General Entertainment,1,G,viral,en,2024-01-01,2026-05-01
HT000258,car,Entertainment,General Entertainment,1,G,medium,en,2024-01-01,2026-05-01
HT000259,cardib,Entertainment,General Entertainment,1,G,high,en,2024-01-01,2026-05-01
HT000260,cardiovascularsystem,Entertainment,General Entertainment,1,G,viral,en,2024-01-01,2026-05-01
HT000261,carguy,Entertainment,General Entertainment,1,G,high,en,2024-01-01,2026-05-01
HT000262,carkaraoke,Entertainment,General Entertainment,1,G,viral,en,2024-01-01,2026-05-01
HT000263,cars,Entertainment,General Entertainment,1,G,medium,en,2024-01-01,2026-05-01
HT000264,carweek,Entertainment,General Entertainment,1,G,high,en,2024-01-01,2026-05-01
HT000265,casual,Entertainment,General Entertainment,1,G,high,en,2024-01-01,2026-05-01
HT000266,cat,Animals & Pets,Nature & Creatures,1,G,medium,en,2024-01-01,2026-05-01
HT000267,catlover,Entertainment,General Entertainment,1,G,high,en,2024-01-01,2026-05-01
HT000268,cats,Entertainment,General Entertainment,1,G,medium,en,2024-01-01,2026-05-01
HT000269,catsoftiktok,Entertainment,General Entertainment,1,G,viral,en,2024-01-01,2026-05-01
HT000270,cbse,Entertainment,General Entertainment,1,G,medium,en,2024-01-01,2026-05-01
HT000271,celebrities,Entertainment,General Entertainment,1,G,viral,en,2024-01-01,2026-05-01
HT000272,celebrity,Entertainment,General Entertainment,1,G,viral,en,2024-01-01,2026-05-01
HT000273,celebritynews,Entertainment,General Entertainment,1,G,viral,en,2024-01-01,2026-05-01
HT000274,celebs,Entertainment,General Entertainment,1,G,high,en,2024-01-01,2026-05-01
HT000275,celeste,Entertainment,General Entertainment,1,G,high,en,2024-01-01,2026-05-01
HT000276,celesterivashernandez,Entertainment,General Entertainment,1,G,viral,en,2024-01-01,2026-05-01
HT000277,celinedion,Entertainment,General Entertainment,1,G,viral,en,2024-01-01,2026-05-01
HT000278,cellmembrane,Entertainment,General Entertainment,1,G,viral,en,2024-01-01,2026-05-01
HT000279,cells,Entertainment,General Entertainment,1,G,medium,en,2024-01-01,2026-05-01
HT000280,cenote,Entertainment,General Entertainment,1,G,high,en,2024-01-01,2026-05-01
HT000281,ceritaartis,Entertainment,General Entertainment,1,G,viral,en,2024-01-01,2026-05-01
HT000282,cervicalhealth,Entertainment,General Entertainment,1,G,viral,en,2024-01-01,2026-05-01
HT000283,champselysees,Entertainment,General Entertainment,1,G,viral,en,2024-01-01,2026-05-01
HT000284,charliechaplin,Entertainment,General Entertainment,1,G,viral,en,2024-01-01,2026-05-01
HT000285,charliechaplincomedy,Entertainment,General Entertainment,1,G,viral,en,2024-01-01,2026-05-01
HT000286,charliechaplinscenes,Entertainment,General Entertainment,1,G,viral,en,2024-01-01,2026-05-01
HT000287,charliekirk,Entertainment,General Entertainment,1,G,viral,en,2024-01-01,2026-05-01
HT000288,charlieputh,Entertainment,General Entertainment,1,G,viral,en,2024-01-01,2026-05-01
HT000289,chemistry,Science & Education,STEM & Learning,1,G,viral,en,2024-01-01,2026-05-01
HT000290,cherrybelle,Entertainment,General Entertainment,1,G,viral,en,2024-01-01,2026-05-01
HT000291,cherylblossom,Entertainment,General Entertainment,1,G,viral,en,2024-01-01,2026-05-01
HT000292,chickfila,Entertainment,General Entertainment,1,G,viral,en,2024-01-01,2026-05-01
HT000293,chile,Entertainment,General Entertainment,1,G,medium,en,2024-01-01,2026-05-01
HT000294,china,Entertainment,General Entertainment,1,G,medium,en,2024-01-01,2026-05-01
HT000295,chine,Entertainment,General Entertainment,1,G,medium,en,2024-01-01,2026-05-01
HT000296,chioma_naledi,Entertainment,General Entertainment,1,G,viral,en,2024-01-01,2026-05-01
HT000297,choreo,Entertainment,General Entertainment,1,G,high,en,2024-01-01,2026-05-01
HT000298,choreography,Dance,Movement & Arts,1,G,viral,en,2024-01-01,2026-05-01
HT000299,christianity,Entertainment,General Entertainment,1,G,viral,en,2024-01-01,2026-05-01
HT000300,christmas4life,Entertainment,General Entertainment,1,G,viral,en,2024-01-01,2026-05-01
HT000301,cia,Entertainment,General Entertainment,1,G,medium,en,2024-01-01,2026-05-01
HT000302,classicrock,Entertainment,General Entertainment,1,G,viral,en,2024-01-01,2026-05-01
HT000303,classified,Entertainment,General Entertainment,1,G,viral,en,2024-01-01,2026-05-01
HT000304,classof2024,Entertainment,General Entertainment,1,G,viral,en,2024-01-01,2026-05-01
HT000305,clawhammersupply,Entertainment,General Entertainment,1,G,viral,en,2024-01-01,2026-05-01
HT000306,cleaning,Entertainment,General Entertainment,1,G,high,en,2024-01-01,2026-05-01
HT000307,cleaninghack,Entertainment,General Entertainment,1,G,viral,en,2024-01-01,2026-05-01
HT000308,cleantok,Entertainment,General Entertainment,1,G,high,en,2024-01-01,2026-05-01
HT000309,climatechange,Entertainment,General Entertainment,1,G,viral,en,2024-01-01,2026-05-01
HT000310,climatechangeisreal,Entertainment,General Entertainment,1,G,viral,en,2024-01-01,2026-05-01
HT000311,clipassassin,Entertainment,General Entertainment,1,G,viral,en,2024-01-01,2026-05-01
HT000312,clips,Entertainment,General Entertainment,1,G,medium,en,2024-01-01,2026-05-01
HT000313,cloud9,Entertainment,General Entertainment,1,G,high,en,2024-01-01,2026-05-01
HT000314,cnt,Entertainment,General Entertainment,1,G,medium,en,2024-01-01,2026-05-01
HT000315,coachella,Entertainment,General Entertainment,1,G,viral,en,2024-01-01,2026-05-01
HT000316,coal,Entertainment,General Entertainment,1,G,medium,en,2024-01-01,2026-05-01
HT000317,cocacola,Entertainment,General Entertainment,1,G,high,en,2024-01-01,2026-05-01
HT000318,coconut,Entertainment,General Entertainment,1,G,high,en,2024-01-01,2026-05-01
HT000319,coincidence,Entertainment,General Entertainment,1,G,viral,en,2024-01-01,2026-05-01
HT000320,cold,Entertainment,General Entertainment,1,G,medium,en,2024-01-01,2026-05-01
HT000321,collab,Entertainment,General Entertainment,1,G,high,en,2024-01-01,2026-05-01
HT000322,coloncleanse,Entertainment,General Entertainment,1,G,viral,en,2024-01-01,2026-05-01
HT000323,colonhealth,Entertainment,General Entertainment,1,G,viral,en,2024-01-01,2026-05-01
HT000324,colposcopy,Entertainment,General Entertainment,1,G,viral,en,2024-01-01,2026-05-01
HT000325,comdey,Entertainment,General Entertainment,1,G,high,en,2024-01-01,2026-05-01
HT000326,comedia,Entertainment,General Entertainment,1,G,high,en,2024-01-01,2026-05-01
HT000327,comedian,Comedy,Humor & Skits,1,G,high,en,2024-01-01,2026-05-01
HT000328,comedianlife,Entertainment,General Entertainment,1,G,viral,en,2024-01-01,2026-05-01
HT000329,comedy,Entertainment,General Entertainment,1,G,high,en,2024-01-01,2026-05-01
HT000330,comedyclip,Entertainment,General Entertainment,1,G,viral,en,2024-01-01,2026-05-01
HT000331,comedydrama,Entertainment,General Entertainment,1,G,viral,en,2024-01-01,2026-05-01
HT000332,comedydynamics,Entertainment,General Entertainment,1,G,viral,en,2024-01-01,2026-05-01
HT000333,comedynight,Entertainment,General Entertainment,1,G,viral,en,2024-01-01,2026-05-01
HT000334,comedyreels,Entertainment,General Entertainment,1,G,viral,en,2024-01-01,2026-05-01
HT000335,comedyshorts,Entertainment,General Entertainment,1,G,viral,en,2024-01-01,2026-05-01
HT000336,comedyshowcase,Entertainment,General Entertainment,1,G,viral,en,2024-01-01,2026-05-01
HT000337,comedyskit,Entertainment,General Entertainment,1,G,viral,en,2024-01-01,2026-05-01
HT000338,comedyspecial,Entertainment,General Entertainment,1,G,viral,en,2024-01-01,2026-05-01
HT000339,comedyvideo,Entertainment,General Entertainment,1,G,viral,en,2024-01-01,2026-05-01
HT000340,comedyvideos,Entertainment,General Entertainment,1,G,viral,en,2024-01-01,2026-05-01
HT000341,comfortsegredos,Entertainment,General Entertainment,1,G,viral,en,2024-01-01,2026-05-01
HT000342,comic,Entertainment,General Entertainment,1,G,medium,en,2024-01-01,2026-05-01
HT000343,comicbook,Entertainment,General Entertainment,1,G,viral,en,2024-01-01,2026-05-01
HT000344,comicbooks,Entertainment,General Entertainment,1,G,viral,en,2024-01-01,2026-05-01
HT000345,comics,Entertainment,General Entertainment,1,G,high,en,2024-01-01,2026-05-01
HT000346,comments,Entertainment,General Entertainment,1,G,high,en,2024-01-01,2026-05-01
HT000347,commercial,Entertainment,General Entertainment,1,G,viral,en,2024-01-01,2026-05-01
HT000348,commercialdance,Entertainment,General Entertainment,1,G,viral,en,2024-01-01,2026-05-01
HT000349,conexaotvweb,Entertainment,General Entertainment,1,G,viral,en,2024-01-01,2026-05-01
HT000350,confession,Entertainment,General Entertainment,1,G,viral,en,2024-01-01,2026-05-01
HT000351,constipationrelief,Entertainment,General Entertainment,1,G,viral,en,2024-01-01,2026-05-01
HT000352,conviction,Entertainment,General Entertainment,1,G,viral,en,2024-01-01,2026-05-01
HT000353,cool,Entertainment,General Entertainment,1,G,medium,en,2024-01-01,2026-05-01
HT000354,coolchemistryguy,Entertainment,General Entertainment,1,G,viral,en,2024-01-01,2026-05-01
HT000355,copines,Entertainment,General Entertainment,1,G,high,en,2024-01-01,2026-05-01
HT000356,cops,Entertainment,General Entertainment,1,G,medium,en,2024-01-01,2026-05-01
HT000357,copsoftiktok,Entertainment,General Entertainment,1,G,viral,en,2024-01-01,2026-05-01
HT000358,coreo,Entertainment,General Entertainment,1,G,medium,en,2024-01-01,2026-05-01
HT000359,cosmoknowledge,Entertainment,General Entertainment,1,G,viral,en,2024-01-01,2026-05-01
HT000360,cosmology,Entertainment,General Entertainment,1,G,viral,en,2024-01-01,2026-05-01
HT000361,cosmos,Entertainment,General Entertainment,1,G,high,en,2024-01-01,2026-05-01
HT000362,cosplay,Entertainment,General Entertainment,1,G,high,en,2024-01-01,2026-05-01
HT000363,cosplayer,Entertainment,General Entertainment,1,G,viral,en,2024-01-01,2026-05-01
HT000364,couple,Entertainment,General Entertainment,1,G,high,en,2024-01-01,2026-05-01
HT000365,couplecomedy,Entertainment,General Entertainment,1,G,viral,en,2024-01-01,2026-05-01
HT000366,couplegoals,Entertainment,General Entertainment,1,G,viral,en,2024-01-01,2026-05-01
HT000367,couplehumor,Entertainment,General Entertainment,1,G,viral,en,2024-01-01,2026-05-01
HT000368,couples,Entertainment,General Entertainment,1,G,high,en,2024-01-01,2026-05-01
HT000369,couplescomedy,Entertainment,General Entertainment,1,G,viral,en,2024-01-01,2026-05-01
HT000370,couplestiktok,Entertainment,General Entertainment,1,G,viral,en,2024-01-01,2026-05-01
HT000371,cover,Music,Audio & Performance,1,G,medium,en,2024-01-01,2026-05-01
HT000372,coversong,Entertainment,General Entertainment,1,G,viral,en,2024-01-01,2026-05-01
HT000373,crazy,Entertainment,General Entertainment,1,G,medium,en,2024-01-01,2026-05-01
HT000374,crazyfacts,Entertainment,General Entertainment,1,G,viral,en,2024-01-01,2026-05-01
HT000375,creatorsearchinsight,Entertainment,General Entertainment,1,G,viral,en,2024-01-01,2026-05-01
HT000376,creatorsearchinsights,Entertainment,General Entertainment,1,G,viral,en,2024-01-01,2026-05-01
HT000377,crime,Entertainment,General Entertainment,1,G,medium,en,2024-01-01,2026-05-01
HT000378,crowdwork,Entertainment,General Entertainment,1,G,viral,en,2024-01-01,2026-05-01
HT000379,crowdworkking,Entertainment,General Entertainment,1,G,viral,en,2024-01-01,2026-05-01
HT000380,crowork,Entertainment,General Entertainment,1,G,high,en,2024-01-01,2026-05-01
HT000381,crystals,Entertainment,General Entertainment,1,G,high,en,2024-01-01,2026-05-01
HT000382,cucumichaelstory,Entertainment,General Entertainment,1,G,viral,en,2024-01-01,2026-05-01
HT000383,cupcut,Entertainment,General Entertainment,1,G,high,en,2024-01-01,2026-05-01
HT000384,curiosity,Entertainment,General Entertainment,1,G,viral,en,2024-01-01,2026-05-01
HT000385,currentaffairs,Entertainment,General Entertainment,1,G,viral,en,2024-01-01,2026-05-01
HT000386,cute,Animals & Pets,Nature & Creatures,1,G,medium,en,2024-01-01,2026-05-01
HT000387,cuteanimals,Entertainment,General Entertainment,1,G,viral,en,2024-01-01,2026-05-01
HT000388,cutecat,Entertainment,General Entertainment,1,G,high,en,2024-01-01,2026-05-01
HT000389,cutedance,Entertainment,General Entertainment,1,G,viral,en,2024-01-01,2026-05-01
HT000390,cutefit,Entertainment,General Entertainment,1,G,high,en,2024-01-01,2026-05-01
HT000391,cutie,Entertainment,General Entertainment,1,G,medium,en,2024-01-01,2026-05-01
HT000392,cytoplasm,Entertainment,General Entertainment,1,G,viral,en,2024-01-01,2026-05-01
HT000393,d4vd,Entertainment,General Entertainment,1,G,medium,en,2024-01-01,2026-05-01
HT000394,dahliapoland,Entertainment,General Entertainment,1,G,viral,en,2024-01-01,2026-05-01
HT000395,dahood,Entertainment,General Entertainment,1,G,high,en,2024-01-01,2026-05-01
HT000396,dahoodvc,Entertainment,General Entertainment,1,G,high,en,2024-01-01,2026-05-01
HT000397,dailymail,Entertainment,General Entertainment,1,G,viral,en,2024-01-01,2026-05-01
HT000398,dailynews,Entertainment,General Entertainment,1,G,viral,en,2024-01-01,2026-05-01
HT000399,daliynews,Entertainment,General Entertainment,1,G,viral,en,2024-01-01,2026-05-01
HT000400,dance,Music,Audio & Performance,1,G,medium,en,2024-01-01,2026-05-01
HT000401,dance2026,Entertainment,General Entertainment,1,G,viral,en,2024-01-01,2026-05-01
HT000402,dancechallenge,Entertainment,General Entertainment,1,G,viral,en,2024-01-01,2026-05-01
HT000403,dancechoreography,Entertainment,General Entertainment,1,G,viral,en,2024-01-01,2026-05-01
HT000404,dancefor2,Entertainment,General Entertainment,1,G,viral,en,2024-01-01,2026-05-01
HT000405,danceforperson,Entertainment,General Entertainment,1,G,viral,en,2024-01-01,2026-05-01
HT000406,danceing,Entertainment,General Entertainment,1,G,high,en,2024-01-01,2026-05-01
HT000407,dancer,Dance,Movement & Arts,1,G,high,en,2024-01-01,2026-05-01
HT000408,dancers,Entertainment,General Entertainment,1,G,high,en,2024-01-01,2026-05-01
HT000409,dances,Entertainment,General Entertainment,1,G,high,en,2024-01-01,2026-05-01
HT000410,dancesfor2people,Entertainment,General Entertainment,1,G,viral,en,2024-01-01,2026-05-01
HT000411,dancesforyoutolearn,Entertainment,General Entertainment,1,G,viral,en,2024-01-01,2026-05-01
HT000412,dancestolearn,Entertainment,General Entertainment,1,G,viral,en,2024-01-01,2026-05-01
HT000413,dancetiktok,Entertainment,General Entertainment,1,G,viral,en,2024-01-01,2026-05-01
HT000414,dancetok,Entertainment,General Entertainment,1,G,high,en,2024-01-01,2026-05-01
HT000415,dancetrend,Entertainment,General Entertainment,1,G,viral,en,2024-01-01,2026-05-01
HT000416,dancetrend2026,Entertainment,General Entertainment,1,G,viral,en,2024-01-01,2026-05-01
HT000417,dancetrendingnow,Entertainment,General Entertainment,1,G,viral,en,2024-01-01,2026-05-01
HT000418,dancetutorial,Entertainment,General Entertainment,1,G,viral,en,2024-01-01,2026-05-01
HT000419,dancevideo,Entertainment,General Entertainment,1,G,viral,en,2024-01-01,2026-05-01
HT000420,dancewithus,Entertainment,General Entertainment,1,G,viral,en,2024-01-01,2026-05-01
HT000421,dancing,Dance,Movement & Arts,1,G,high,en,2024-01-01,2026-05-01
HT000422,dancinhastiktok,Entertainment,General Entertainment,1,G,viral,en,2024-01-01,2026-05-01
HT000423,dancummins,Entertainment,General Entertainment,1,G,viral,en,2024-01-01,2026-05-01
HT000424,danseur,Entertainment,General Entertainment,1,G,high,en,2024-01-01,2026-05-01
HT000425,danseurs,Entertainment,General Entertainment,1,G,high,en,2024-01-01,2026-05-01
HT000426,darkhumour,Entertainment,General Entertainment,1,G,viral,en,2024-01-01,2026-05-01
HT000427,dashcam,Entertainment,General Entertainment,1,G,high,en,2024-01-01,2026-05-01
HT000428,date,Entertainment,General Entertainment,1,G,medium,en,2024-01-01,2026-05-01
HT000429,dating,Entertainment,General Entertainment,1,G,high,en,2024-01-01,2026-05-01
HT000430,davechappelle,Entertainment,General Entertainment,1,G,viral,en,2024-01-01,2026-05-01
HT000431,dayinthelife,Entertainment,General Entertainment,1,G,viral,en,2024-01-01,2026-05-01
HT000432,dc,Entertainment,General Entertainment,1,G,low,en,2024-01-01,2026-05-01
HT000433,dccomics,Entertainment,General Entertainment,1,G,high,en,2024-01-01,2026-05-01
HT000434,deadpool,Entertainment,General Entertainment,1,G,high,en,2024-01-01,2026-05-01
HT000435,deanmartin,Entertainment,General Entertainment,1,G,viral,en,2024-01-01,2026-05-01
HT000436,dedicar,Entertainment,General Entertainment,1,G,high,en,2024-01-01,2026-05-01
HT000437,delenacancerides,Entertainment,General Entertainment,1,G,viral,en,2024-01-01,2026-05-01
HT000438,democrat,Entertainment,General Entertainment,1,G,high,en,2024-01-01,2026-05-01
HT000439,democrats,Entertainment,General Entertainment,1,G,viral,en,2024-01-01,2026-05-01
HT000440,demoncore,Entertainment,General Entertainment,1,G,viral,en,2024-01-01,2026-05-01
HT000441,desigual,Entertainment,General Entertainment,1,G,high,en,2024-01-01,2026-05-01
HT000442,deutschland,Entertainment,General Entertainment,1,G,viral,en,2024-01-01,2026-05-01
HT000443,diamonds,Entertainment,General Entertainment,1,G,high,en,2024-01-01,2026-05-01
HT000444,diddy,Entertainment,General Entertainment,1,G,medium,en,2024-01-01,2026-05-01
HT000445,didyouknow,Science & Education,STEM & Learning,1,G,viral,en,2024-01-01,2026-05-01
HT000446,diet,Entertainment,General Entertainment,1,G,medium,en,2024-01-01,2026-05-01
HT000447,digestivehealth,Entertainment,General Entertainment,1,G,viral,en,2024-01-01,2026-05-01
HT000448,digitalcamera,Entertainment,General Entertainment,1,G,viral,en,2024-01-01,2026-05-01
HT000449,dinodrama,Entertainment,General Entertainment,1,G,viral,en,2024-01-01,2026-05-01
HT000450,dinosaur,Entertainment,General Entertainment,1,G,high,en,2024-01-01,2026-05-01
HT000451,dinosaurs,Entertainment,General Entertainment,1,G,viral,en,2024-01-01,2026-05-01
HT000452,dinotok,Entertainment,General Entertainment,1,G,high,en,2024-01-01,2026-05-01
HT000453,diplomatictensions,Entertainment,General Entertainment,1,G,viral,en,2024-01-01,2026-05-01
HT000454,dirtroad,Entertainment,General Entertainment,1,G,high,en,2024-01-01,2026-05-01
HT000455,disabilityawareness,Entertainment,General Entertainment,1,G,viral,en,2024-01-01,2026-05-01
HT000456,disclosure,Entertainment,General Entertainment,1,G,viral,en,2024-01-01,2026-05-01
HT000457,discover,Entertainment,General Entertainment,1,G,high,en,2024-01-01,2026-05-01
HT000458,disgraceful,Entertainment,General Entertainment,1,G,viral,en,2024-01-01,2026-05-01
HT000459,disney,Entertainment,General Entertainment,1,G,high,en,2024-01-01,2026-05-01
HT000460,disneyplus,Entertainment,General Entertainment,1,G,viral,en,2024-01-01,2026-05-01
HT000461,disneyprincess,Entertainment,General Entertainment,1,G,viral,en,2024-01-01,2026-05-01
HT000462,disneytiktok,Entertainment,General Entertainment,1,G,viral,en,2024-01-01,2026-05-01
HT000463,distortion,Entertainment,General Entertainment,1,G,viral,en,2024-01-01,2026-05-01
HT000464,diy,Entertainment,General Entertainment,1,G,medium,en,2024-01-01,2026-05-01
HT000465,diyhotairballoon,Entertainment,General Entertainment,1,G,viral,en,2024-01-01,2026-05-01
HT000466,diyscience,Entertainment,General Entertainment,1,G,viral,en,2024-01-01,2026-05-01
HT000467,diyskincare,Entertainment,General Entertainment,1,G,viral,en,2024-01-01,2026-05-01
HT000468,dj,Entertainment,General Entertainment,1,G,low,en,2024-01-01,2026-05-01
HT000469,dji,Entertainment,General Entertainment,1,G,medium,en,2024-01-01,2026-05-01
HT000470,dlaciebie,Entertainment,General Entertainment,1,G,viral,en,2024-01-01,2026-05-01
HT000471,dna,Entertainment,General Entertainment,1,G,medium,en,2024-01-01,2026-05-01
HT000472,doctorstrange,Entertainment,General Entertainment,1,G,viral,en,2024-01-01,2026-05-01
HT000473,documentary,Entertainment,General Entertainment,1,G,viral,en,2024-01-01,2026-05-01
HT000474,dog,Animals & Pets,Nature & Creatures,1,G,medium,en,2024-01-01,2026-05-01
HT000475,doglover,Entertainment,General Entertainment,1,G,high,en,2024-01-01,2026-05-01
HT000476,doknow,Entertainment,General Entertainment,1,G,high,en,2024-01-01,2026-05-01
HT000477,doknowsworld,Entertainment,General Entertainment,1,G,viral,en,2024-01-01,2026-05-01
HT000478,dollartree,Entertainment,General Entertainment,1,G,viral,en,2024-01-01,2026-05-01
HT000479,dollartreefinds,Entertainment,General Entertainment,1,G,viral,en,2024-01-01,2026-05-01
HT000480,dollartreehaul,Entertainment,General Entertainment,1,G,viral,en,2024-01-01,2026-05-01
HT000481,donaldtrump,Entertainment,General Entertainment,1,G,viral,en,2024-01-01,2026-05-01
HT000482,dontdo,Entertainment,General Entertainment,1,G,high,en,2024-01-01,2026-05-01
HT000483,dontflop,Entertainment,General Entertainment,1,G,high,en,2024-01-01,2026-05-01
HT000484,dontletthisflop,Entertainment,General Entertainment,1,G,viral,en,2024-01-01,2026-05-01
HT000485,dontoliver,Entertainment,General Entertainment,1,G,viral,en,2024-01-01,2026-05-01
HT000486,donttellcomedy,Entertainment,General Entertainment,1,G,viral,en,2024-01-01,2026-05-01
HT000487,donttrythisathome,Entertainment,General Entertainment,1,G,viral,en,2024-01-01,2026-05-01
HT000488,dracula,Entertainment,General Entertainment,1,G,high,en,2024-01-01,2026-05-01
HT000489,draculaura,Entertainment,General Entertainment,1,G,viral,en,2024-01-01,2026-05-01
HT000490,drake,Entertainment,General Entertainment,1,G,medium,en,2024-01-01,2026-05-01
HT000491,drama,Entertainment,General Entertainment,1,G,medium,en,2024-01-01,2026-05-01
HT000492,dramatiktok,Entertainment,General Entertainment,1,G,viral,en,2024-01-01,2026-05-01
HT000493,dramaunfolds,Entertainment,General Entertainment,1,G,viral,en,2024-01-01,2026-05-01
HT000494,drawing,Entertainment,General Entertainment,1,G,high,en,2024-01-01,2026-05-01
HT000495,drewlynch,Entertainment,General Entertainment,1,G,viral,en,2024-01-01,2026-05-01
HT000496,drivemusic,Entertainment,General Entertainment,1,G,viral,en,2024-01-01,2026-05-01
HT000497,drums,Entertainment,General Entertainment,1,G,medium,en,2024-01-01,2026-05-01
HT000498,drunk,Entertainment,General Entertainment,1,G,medium,en,2024-01-01,2026-05-01
HT000499,drunkquestions,Entertainment,General Entertainment,1,G,viral,en,2024-01-01,2026-05-01
HT000500,dryerase,Entertainment,General Entertainment,1,G,high,en,2024-01-01,2026-05-01
HT000501,dtmf,Entertainment,General Entertainment,1,G,medium,en,2024-01-01,2026-05-01
HT000502,dubaichocolate,Entertainment,General Entertainment,1,G,viral,en,2024-01-01,2026-05-01
HT000503,dubaichocolatebrownie,Entertainment,General Entertainment,1,G,viral,en,2024-01-01,2026-05-01
HT000504,dudegetspulledover,Entertainment,General Entertainment,1,G,viral,en,2024-01-01,2026-05-01
HT000505,duet,Entertainment,General Entertainment,1,G,medium,en,2024-01-01,2026-05-01
HT000506,duo,Entertainment,General Entertainment,1,G,medium,en,2024-01-01,2026-05-01
HT000507,duodance,Entertainment,General Entertainment,1,G,high,en,2024-01-01,2026-05-01
HT000508,dupes,Entertainment,General Entertainment,1,G,medium,en,2024-01-01,2026-05-01
HT000509,dylandreyer,Entertainment,General Entertainment,1,G,viral,en,2024-01-01,2026-05-01
HT000510,dylanpage,Entertainment,General Entertainment,1,G,viral,en,2024-01-01,2026-05-01
HT000511,dzieci,Entertainment,General Entertainment,1,G,high,en,2024-01-01,2026-05-01
HT000512,earlydetection,Entertainment,General Entertainment,1,G,viral,en,2024-01-01,2026-05-01
HT000513,earth,Entertainment,General Entertainment,1,G,medium,en,2024-01-01,2026-05-01
HT000514,earthscience,Entertainment,General Entertainment,1,G,viral,en,2024-01-01,2026-05-01
HT000515,earthshield,Entertainment,General Entertainment,1,G,viral,en,2024-01-01,2026-05-01
HT000516,easy,Entertainment,General Entertainment,1,G,medium,en,2024-01-01,2026-05-01
HT000517,easydance,Entertainment,General Entertainment,1,G,viral,en,2024-01-01,2026-05-01
HT000518,easydances,Entertainment,General Entertainment,1,G,viral,en,2024-01-01,2026-05-01
HT000519,economic,Entertainment,General Entertainment,1,G,high,en,2024-01-01,2026-05-01
HT000520,ecuador,Entertainment,General Entertainment,1,G,high,en,2024-01-01,2026-05-01
HT000521,edexcel,Entertainment,General Entertainment,1,G,high,en,2024-01-01,2026-05-01
HT000522,edhelms,Entertainment,General Entertainment,1,G,high,en,2024-01-01,2026-05-01
HT000523,edit,Entertainment,General Entertainment,1,G,medium,en,2024-01-01,2026-05-01
HT000524,edm,Music,Audio & Performance,1,G,medium,en,2024-01-01,2026-05-01
HT000525,edno,Entertainment,General Entertainment,1,G,medium,en,2024-01-01,2026-05-01
HT000526,education,Science & Education,STEM & Learning,1,G,viral,en,2024-01-01,2026-05-01
HT000527,educational,Entertainment,General Entertainment,1,G,viral,en,2024-01-01,2026-05-01
HT000528,edutalk,Entertainment,General Entertainment,1,G,high,en,2024-01-01,2026-05-01
HT000529,edutok,Entertainment,General Entertainment,1,G,high,en,2024-01-01,2026-05-01
HT000530,eeuu,Entertainment,General Entertainment,1,G,medium,en,2024-01-01,2026-05-01
HT000531,einsteinwasright,Entertainment,General Entertainment,1,G,viral,en,2024-01-01,2026-05-01
HT000532,election2026,Entertainment,General Entertainment,1,G,viral,en,2024-01-01,2026-05-01
HT000533,electrical,Entertainment,General Entertainment,1,G,viral,en,2024-01-01,2026-05-01
HT000534,electrician,Entertainment,General Entertainment,1,G,viral,en,2024-01-01,2026-05-01
HT000535,embraceit,Entertainment,General Entertainment,1,G,viral,en,2024-01-01,2026-05-01
HT000536,emergencyalert,Entertainment,General Entertainment,1,G,viral,en,2024-01-01,2026-05-01
HT000537,emoij,Entertainment,General Entertainment,1,G,medium,en,2024-01-01,2026-05-01
HT000538,emotionalsong,Entertainment,General Entertainment,1,G,viral,en,2024-01-01,2026-05-01
HT000539,enadreambbq,Entertainment,General Entertainment,1,G,viral,en,2024-01-01,2026-05-01
HT000540,enadreambbqedit,Entertainment,General Entertainment,1,G,viral,en,2024-01-01,2026-05-01
HT000541,endgame,Entertainment,General Entertainment,1,G,high,en,2024-01-01,2026-05-01
HT000542,enema,Entertainment,General Entertainment,1,G,medium,en,2024-01-01,2026-05-01
HT000543,energy,Entertainment,General Entertainment,1,G,high,en,2024-01-01,2026-05-01
HT000544,engineering,Entertainment,General Entertainment,1,G,viral,en,2024-01-01,2026-05-01
HT000545,english,Entertainment,General Entertainment,1,G,high,en,2024-01-01,2026-05-01
HT000546,entertainment,Entertainment,General Entertainment,1,G,viral,en,2024-01-01,2026-05-01
HT000547,entomology,Entertainment,General Entertainment,1,G,viral,en,2024-01-01,2026-05-01
HT000548,entretenews,Entertainment,General Entertainment,1,G,viral,en,2024-01-01,2026-05-01
HT000549,entretenimiento,Entertainment,General Entertainment,1,G,viral,en,2024-01-01,2026-05-01
HT000550,environment,Entertainment,General Entertainment,1,G,viral,en,2024-01-01,2026-05-01
HT000551,epstein,Entertainment,General Entertainment,1,G,high,en,2024-01-01,2026-05-01
HT000552,epsteinfiles,Entertainment,General Entertainment,1,G,viral,en,2024-01-01,2026-05-01
HT000553,erealist,Entertainment,General Entertainment,1,G,high,en,2024-01-01,2026-05-01
HT000554,erealistnation,Entertainment,General Entertainment,1,G,viral,en,2024-01-01,2026-05-01
HT000555,erikakirk,Entertainment,General Entertainment,1,G,viral,en,2024-01-01,2026-05-01
HT000556,esa,Entertainment,General Entertainment,1,G,medium,en,2024-01-01,2026-05-01
HT000557,espana,Entertainment,General Entertainment,1,G,high,en,2024-01-01,2026-05-01
HT000558,estadosunidos,Entertainment,General Entertainment,1,G,viral,en,2024-01-01,2026-05-01
HT000559,eua,Entertainment,General Entertainment,1,G,medium,en,2024-01-01,2026-05-01
HT000560,europe,Entertainment,General Entertainment,1,G,high,en,2024-01-01,2026-05-01
HT000561,evacuations,Entertainment,General Entertainment,1,G,viral,en,2024-01-01,2026-05-01
HT000562,evade,Entertainment,General Entertainment,1,G,medium,en,2024-01-01,2026-05-01
HT000563,evademusic,Entertainment,General Entertainment,1,G,viral,en,2024-01-01,2026-05-01
HT000564,everygenre,Entertainment,General Entertainment,1,G,viral,en,2024-01-01,2026-05-01
HT000565,everyone,Entertainment,General Entertainment,1,G,high,en,2024-01-01,2026-05-01
HT000566,evolution,Entertainment,General Entertainment,1,G,viral,en,2024-01-01,2026-05-01
HT000567,existentialism,Entertainment,General Entertainment,1,G,viral,en,2024-01-01,2026-05-01
HT000568,exonomics,Entertainment,General Entertainment,1,G,viral,en,2024-01-01,2026-05-01
HT000569,experiment,Science & Education,STEM & Learning,1,G,viral,en,2024-01-01,2026-05-01
HT000570,experiments,Entertainment,General Entertainment,1,G,viral,en,2024-01-01,2026-05-01
HT000571,explained,Entertainment,General Entertainment,1,G,viral,en,2024-01-01,2026-05-01
HT000572,explore,Entertainment,General Entertainment,1,G,high,en,2024-01-01,2026-05-01
HT000573,explorepage,Entertainment,General Entertainment,1,G,viral,en,2024-01-01,2026-05-01
HT000574,facebookmarketplace,Entertainment,General Entertainment,1,G,viral,en,2024-01-01,2026-05-01
HT000575,fact,Entertainment,General Entertainment,1,G,medium,en,2024-01-01,2026-05-01
HT000576,facts,Science & Education,STEM & Learning,1,G,medium,en,2024-01-01,2026-05-01
HT000577,fadetoblack,Entertainment,General Entertainment,1,G,viral,en,2024-01-01,2026-05-01
HT000578,fadhilidevelopmentprogramme,Entertainment,General Entertainment,1,G,viral,en,2024-01-01,2026-05-01
HT000579,fakebody,Entertainment,General Entertainment,1,G,high,en,2024-01-01,2026-05-01
HT000580,fallontonight,Entertainment,General Entertainment,1,G,viral,en,2024-01-01,2026-05-01
HT000581,family,Entertainment,General Entertainment,1,G,high,en,2024-01-01,2026-05-01
HT000582,familyfun,Entertainment,General Entertainment,1,G,viral,en,2024-01-01,2026-05-01
HT000583,famous,Entertainment,General Entertainment,1,G,high,en,2024-01-01,2026-05-01
HT000584,fangs,Entertainment,General Entertainment,1,G,medium,en,2024-01-01,2026-05-01
HT000585,fart,Entertainment,General Entertainment,1,G,medium,en,2024-01-01,2026-05-01
HT000586,fartspray,Entertainment,General Entertainment,1,G,viral,en,2024-01-01,2026-05-01
HT000587,fastlearning,Entertainment,General Entertainment,1,G,viral,en,2024-01-01,2026-05-01
HT000588,fatty,Entertainment,General Entertainment,1,G,medium,en,2024-01-01,2026-05-01
HT000589,feed,Entertainment,General Entertainment,1,G,medium,en,2024-01-01,2026-05-01
HT000590,feelgoodvibe,Entertainment,General Entertainment,1,G,viral,en,2024-01-01,2026-05-01
HT000591,feelingsong,Entertainment,General Entertainment,1,G,viral,en,2024-01-01,2026-05-01
HT000592,felicidad,Entertainment,General Entertainment,1,G,viral,en,2024-01-01,2026-05-01
HT000593,felony,Entertainment,General Entertainment,1,G,high,en,2024-01-01,2026-05-01
HT000594,femme,Entertainment,General Entertainment,1,G,medium,en,2024-01-01,2026-05-01
HT000595,fffffyyyyyppppp,Entertainment,General Entertainment,1,G,viral,en,2024-01-01,2026-05-01
HT000596,ffyp,Entertainment,General Entertainment,1,G,medium,en,2024-01-01,2026-05-01
HT000597,fieldmarshalasimmunir,Entertainment,General Entertainment,1,G,viral,en,2024-01-01,2026-05-01
HT000598,fightback,Entertainment,General Entertainment,1,G,viral,en,2024-01-01,2026-05-01
HT000599,figure,Entertainment,General Entertainment,1,G,high,en,2024-01-01,2026-05-01
HT000600,film,Entertainment,General Entertainment,1,G,medium,en,2024-01-01,2026-05-01
HT000601,films,Entertainment,General Entertainment,1,G,medium,en,2024-01-01,2026-05-01
HT000602,finomask,Entertainment,General Entertainment,1,G,high,en,2024-01-01,2026-05-01
HT000603,firesong,Entertainment,General Entertainment,1,G,high,en,2024-01-01,2026-05-01
HT000604,firstborn,Entertainment,General Entertainment,1,G,viral,en,2024-01-01,2026-05-01
HT000605,firstjob,Entertainment,General Entertainment,1,G,high,en,2024-01-01,2026-05-01
HT000606,firyourpage,Entertainment,General Entertainment,1,G,viral,en,2024-01-01,2026-05-01
HT000607,fish,Entertainment,General Entertainment,1,G,medium,en,2024-01-01,2026-05-01
HT000608,fisica,Entertainment,General Entertainment,1,G,high,en,2024-01-01,2026-05-01
HT000609,fitcheck,Entertainment,General Entertainment,1,G,high,en,2024-01-01,2026-05-01
HT000610,fitchecks,Entertainment,General Entertainment,1,G,viral,en,2024-01-01,2026-05-01
HT000611,flim,Entertainment,General Entertainment,1,G,medium,en,2024-01-01,2026-05-01
HT000612,flims,Entertainment,General Entertainment,1,G,medium,en,2024-01-01,2026-05-01
HT000613,floodinpakistan,Entertainment,General Entertainment,1,G,viral,en,2024-01-01,2026-05-01
HT000614,floorwork,Entertainment,General Entertainment,1,G,viral,en,2024-01-01,2026-05-01
HT000615,flowers,Entertainment,General Entertainment,1,G,high,en,2024-01-01,2026-05-01
HT000616,fnaf,Entertainment,General Entertainment,1,G,medium,en,2024-01-01,2026-05-01
HT000617,fnafedit,Entertainment,General Entertainment,1,G,high,en,2024-01-01,2026-05-01
HT000618,foeyoupage,Entertainment,General Entertainment,1,G,viral,en,2024-01-01,2026-05-01
HT000619,foleycatheter,Entertainment,General Entertainment,1,G,viral,en,2024-01-01,2026-05-01
HT000620,foleycatheterinsertion,Entertainment,General Entertainment,1,G,viral,en,2024-01-01,2026-05-01
HT000621,followback,Entertainment,General Entertainment,1,G,viral,en,2024-01-01,2026-05-01
HT000622,follwers,Entertainment,General Entertainment,1,G,high,en,2024-01-01,2026-05-01
HT000623,fomo,Entertainment,General Entertainment,1,G,medium,en,2024-01-01,2026-05-01
HT000624,food,Food & Cooking,Culinary Arts,1,G,medium,en,2024-01-01,2026-05-01
HT000625,football,Sports,Health & Athletics,1,G,high,en,2024-01-01,2026-05-01
HT000626,for,Entertainment,General Entertainment,1,G,medium,en,2024-01-01,2026-05-01
HT000627,foreignpolicy,Entertainment,General Entertainment,1,G,viral,en,2024-01-01,2026-05-01
HT000628,foreyoupage,Entertainment,General Entertainment,1,G,viral,en,2024-01-01,2026-05-01
HT000629,forou,Entertainment,General Entertainment,1,G,medium,en,2024-01-01,2026-05-01
HT000630,forouopage,Entertainment,General Entertainment,1,G,viral,en,2024-01-01,2026-05-01
HT000631,foroy,Entertainment,General Entertainment,1,G,medium,en,2024-01-01,2026-05-01
HT000632,foroyoupage,Entertainment,General Entertainment,1,G,viral,en,2024-01-01,2026-05-01
HT000633,foroyupage,Entertainment,General Entertainment,1,G,viral,en,2024-01-01,2026-05-01
HT000634,forpage,Entertainment,General Entertainment,1,G,high,en,2024-01-01,2026-05-01
HT000635,forrrrrrrrrrrrrrrrrryoupage,Entertainment,General Entertainment,1,G,viral,en,2024-01-01,2026-05-01
HT000636,fortheboys,Entertainment,General Entertainment,1,G,viral,en,2024-01-01,2026-05-01
HT000637,fortnite,Gaming,Digital Entertainment,1,G,high,en,2024-01-01,2026-05-01
HT000638,foru,Entertainment,General Entertainment,1,G,medium,en,2024-01-01,2026-05-01
HT000639,forupage,Entertainment,General Entertainment,1,G,high,en,2024-01-01,2026-05-01
HT000640,foruyou,Entertainment,General Entertainment,1,G,high,en,2024-01-01,2026-05-01
HT000641,foryou,Entertainment,General Entertainment,1,G,high,en,2024-01-01,2026-05-01
HT000642,foryou_foryoupage,Entertainment,General Entertainment,1,G,viral,en,2024-01-01,2026-05-01
HT000643,foryou_tikok,Entertainment,General Entertainment,1,G,viral,en,2024-01-01,2026-05-01
HT000644,foryoufage,Entertainment,General Entertainment,1,G,viral,en,2024-01-01,2026-05-01
HT000645,foryoupag,Entertainment,General Entertainment,1,G,viral,en,2024-01-01,2026-05-01
HT000646,foryoupage,Entertainment,General Entertainment,1,G,viral,en,2024-01-01,2026-05-01
HT000647,foryoupagee,Entertainment,General Entertainment,1,G,viral,en,2024-01-01,2026-05-01
HT000648,foryoupageofficia,Entertainment,General Entertainment,1,G,viral,en,2024-01-01,2026-05-01
HT000649,foryoupageofficial,Entertainment,General Entertainment,1,G,viral,en,2024-01-01,2026-05-01
HT000650,foryoupageofficiall,Entertainment,General Entertainment,1,G,viral,en,2024-01-01,2026-05-01
HT000651,foryoupageofficialltiktok,Entertainment,General Entertainment,1,G,viral,en,2024-01-01,2026-05-01
HT000652,foryour,Entertainment,General Entertainment,1,G,high,en,2024-01-01,2026-05-01
HT000653,foryourpage,Entertainment,General Entertainment,1,G,viral,en,2024-01-01,2026-05-01
HT000654,foryouu,Entertainment,General Entertainment,1,G,high,en,2024-01-01,2026-05-01
HT000655,foryouviral,Entertainment,General Entertainment,1,G,viral,en,2024-01-01,2026-05-01
HT000656,fossilfriday,Entertainment,General Entertainment,1,G,viral,en,2024-01-01,2026-05-01
HT000657,fossils,Entertainment,General Entertainment,1,G,high,en,2024-01-01,2026-05-01
HT000658,fossiltok,Entertainment,General Entertainment,1,G,viral,en,2024-01-01,2026-05-01
HT000659,fotyour,Entertainment,General Entertainment,1,G,high,en,2024-01-01,2026-05-01
HT000660,fotyourpage_tiktok_viral__i,Entertainment,General Entertainment,1,G,viral,en,2024-01-01,2026-05-01
HT000661,fouryou,Entertainment,General Entertainment,1,G,high,en,2024-01-01,2026-05-01
HT000662,fouryoupage,Entertainment,General Entertainment,1,G,viral,en,2024-01-01,2026-05-01
HT000663,fouryoupage_tiktok_,Entertainment,General Entertainment,1,G,viral,en,2024-01-01,2026-05-01
HT000664,fouryourpage,Entertainment,General Entertainment,1,G,viral,en,2024-01-01,2026-05-01
HT000665,fouyou,Entertainment,General Entertainment,1,G,high,en,2024-01-01,2026-05-01
HT000666,fouyou_,Entertainment,General Entertainment,1,G,high,en,2024-01-01,2026-05-01
HT000667,fouyour,Entertainment,General Entertainment,1,G,high,en,2024-01-01,2026-05-01
HT000668,fouyourpage,Entertainment,General Entertainment,1,G,viral,en,2024-01-01,2026-05-01
HT000669,fouyourpagefyp,Entertainment,General Entertainment,1,G,viral,en,2024-01-01,2026-05-01
HT000670,fox,Entertainment,General Entertainment,1,G,medium,en,2024-01-01,2026-05-01
HT000671,foxandfriends,Entertainment,General Entertainment,1,G,viral,en,2024-01-01,2026-05-01
HT000672,foxnews,Entertainment,General Entertainment,1,G,high,en,2024-01-01,2026-05-01
HT000673,foyou,Entertainment,General Entertainment,1,G,medium,en,2024-01-01,2026-05-01
HT000674,fpryoupage,Entertainment,General Entertainment,1,G,viral,en,2024-01-01,2026-05-01
HT000675,france,Entertainment,General Entertainment,1,G,high,en,2024-01-01,2026-05-01
HT000676,frankcaliendo,Entertainment,General Entertainment,1,G,viral,en,2024-01-01,2026-05-01
HT000677,frankocean,Entertainment,General Entertainment,1,G,viral,en,2024-01-01,2026-05-01
HT000678,freebrenda,Entertainment,General Entertainment,1,G,viral,en,2024-01-01,2026-05-01
HT000679,french,Entertainment,General Entertainment,1,G,high,en,2024-01-01,2026-05-01
HT000680,friends,Entertainment,General Entertainment,1,G,high,en,2024-01-01,2026-05-01
HT000681,frog,Entertainment,General Entertainment,1,G,medium,en,2024-01-01,2026-05-01
HT000682,fun,Entertainment,General Entertainment,1,G,medium,en,2024-01-01,2026-05-01
HT000683,funforkids,Entertainment,General Entertainment,1,G,viral,en,2024-01-01,2026-05-01
HT000684,funk,Entertainment,General Entertainment,1,G,medium,en,2024-01-01,2026-05-01
HT000685,funkopop,Entertainment,General Entertainment,1,G,high,en,2024-01-01,2026-05-01
HT000686,funkopops,Entertainment,General Entertainment,1,G,viral,en,2024-01-01,2026-05-01
HT000687,funlearning,Entertainment,General Entertainment,1,G,viral,en,2024-01-01,2026-05-01
HT000688,funniest,Entertainment,General Entertainment,1,G,high,en,2024-01-01,2026-05-01
HT000689,funny,Entertainment,General Entertainment,1,G,medium,en,2024-01-01,2026-05-01
HT000690,funnyanimal,Entertainment,General Entertainment,1,G,viral,en,2024-01-01,2026-05-01
HT000691,funnycat,Entertainment,General Entertainment,1,G,high,en,2024-01-01,2026-05-01
HT000692,funnymoments,Entertainment,General Entertainment,1,G,viral,en,2024-01-01,2026-05-01
HT000693,funnyshorts,Entertainment,General Entertainment,1,G,viral,en,2024-01-01,2026-05-01
HT000694,funnytiktok,Entertainment,General Entertainment,1,G,viral,en,2024-01-01,2026-05-01
HT000695,funnyvideo,Entertainment,General Entertainment,1,G,viral,en,2024-01-01,2026-05-01
HT000696,funnyvideos,Entertainment,General Entertainment,1,G,viral,en,2024-01-01,2026-05-01
HT000697,funnywomen,Entertainment,General Entertainment,1,G,viral,en,2024-01-01,2026-05-01
HT000698,fup,Entertainment,General Entertainment,1,G,medium,en,2024-01-01,2026-05-01
HT000699,fvp,Entertainment,General Entertainment,1,G,medium,en,2024-01-01,2026-05-01
HT000700,fy,Entertainment,General Entertainment,1,G,low,en,2024-01-01,2026-05-01
HT000701,fyf,Entertainment,General Entertainment,1,G,medium,en,2024-01-01,2026-05-01
HT000702,fyopppppppppppppppppppp,Entertainment,General Entertainment,1,G,viral,en,2024-01-01,2026-05-01
HT000703,fyp,Entertainment,General Entertainment,1,G,medium,en,2024-01-01,2026-05-01
HT000704,fypage,Entertainment,General Entertainment,1,G,high,en,2024-01-01,2026-05-01
HT000705,fypp,Entertainment,General Entertainment,1,G,medium,en,2024-01-01,2026-05-01
HT000706,fyppage,Entertainment,General Entertainment,1,G,high,en,2024-01-01,2026-05-01
HT000707,fyppagee,Entertainment,General Entertainment,1,G,high,en,2024-01-01,2026-05-01
HT000708,fyppp,Entertainment,General Entertainment,1,G,medium,en,2024-01-01,2026-05-01
HT000709,fypppp,Entertainment,General Entertainment,1,G,high,en,2024-01-01,2026-05-01
HT000710,fypppppppppppppp,Entertainment,General Entertainment,1,G,viral,en,2024-01-01,2026-05-01
HT000711,fyppppppppppppppppppppppp,Entertainment,General Entertainment,1,G,viral,en,2024-01-01,2026-05-01
HT000712,fyy,Entertainment,General Entertainment,1,G,medium,en,2024-01-01,2026-05-01
HT000713,fyyyppppppppp,Entertainment,General Entertainment,1,G,viral,en,2024-01-01,2026-05-01
HT000714,fyyyyyyyyyyyyyyyy,Entertainment,General Entertainment,1,G,viral,en,2024-01-01,2026-05-01
HT000715,fyyyyyyyyyyyyyyyyyy,Entertainment,General Entertainment,1,G,viral,en,2024-01-01,2026-05-01
HT000716,galaxy,Entertainment,General Entertainment,1,G,high,en,2024-01-01,2026-05-01
HT000717,garlic,Entertainment,General Entertainment,1,G,high,en,2024-01-01,2026-05-01
HT000718,gbnews,Entertainment,General Entertainment,1,G,high,en,2024-01-01,2026-05-01
HT000719,gcse,Entertainment,General Entertainment,1,G,medium,en,2024-01-01,2026-05-01
HT000720,gcsescience,Entertainment,General Entertainment,1,G,viral,en,2024-01-01,2026-05-01
HT000721,geek,Entertainment,General Entertainment,1,G,medium,en,2024-01-01,2026-05-01
HT000722,generalknowledge,Entertainment,General Entertainment,1,G,viral,en,2024-01-01,2026-05-01
HT000723,generosity,Entertainment,General Entertainment,1,G,viral,en,2024-01-01,2026-05-01
HT000724,genetics,Entertainment,General Entertainment,1,G,high,en,2024-01-01,2026-05-01
HT000725,geologist,Entertainment,General Entertainment,1,G,viral,en,2024-01-01,2026-05-01
HT000726,geology,Entertainment,General Entertainment,1,G,high,en,2024-01-01,2026-05-01
HT000727,geologyrocks,Entertainment,General Entertainment,1,G,viral,en,2024-01-01,2026-05-01
HT000728,geologytok,Entertainment,General Entertainment,1,G,viral,en,2024-01-01,2026-05-01
HT000729,geopoliticalanalysis,Entertainment,General Entertainment,1,G,viral,en,2024-01-01,2026-05-01
HT000730,geopoliticalstrategy,Entertainment,General Entertainment,1,G,viral,en,2024-01-01,2026-05-01
HT000731,geopolitics,Entertainment,General Entertainment,1,G,viral,en,2024-01-01,2026-05-01
HT000732,georgemichael,Entertainment,General Entertainment,1,G,viral,en,2024-01-01,2026-05-01
HT000733,georgenews,Entertainment,General Entertainment,1,G,viral,en,2024-01-01,2026-05-01
HT000734,geoscience,Entertainment,General Entertainment,1,G,viral,en,2024-01-01,2026-05-01
HT000735,geotok,Entertainment,General Entertainment,1,G,high,en,2024-01-01,2026-05-01
HT000736,germany,Entertainment,General Entertainment,1,G,high,en,2024-01-01,2026-05-01
HT000737,ghanatrends,Entertainment,General Entertainment,1,G,viral,en,2024-01-01,2026-05-01
HT000738,giaitri,Entertainment,General Entertainment,1,G,high,en,2024-01-01,2026-05-01
HT000739,giaitritonghop,Entertainment,General Entertainment,1,G,viral,en,2024-01-01,2026-05-01
HT000740,giantspider,Entertainment,General Entertainment,1,G,viral,en,2024-01-01,2026-05-01
HT000741,gifts,Entertainment,General Entertainment,1,G,medium,en,2024-01-01,2026-05-01
HT000742,girlfriend,Entertainment,General Entertainment,1,G,viral,en,2024-01-01,2026-05-01
HT000743,girlgirlgirls,Entertainment,General Entertainment,1,G,viral,en,2024-01-01,2026-05-01
HT000744,girlhood,Entertainment,General Entertainment,1,G,high,en,2024-01-01,2026-05-01
HT000745,girlish,Entertainment,General Entertainment,1,G,high,en,2024-01-01,2026-05-01
HT000746,girls,Entertainment,General Entertainment,1,G,medium,en,2024-01-01,2026-05-01
HT000747,girlsbelike,Entertainment,General Entertainment,1,G,viral,en,2024-01-01,2026-05-01
HT000748,girlsfyp,Entertainment,General Entertainment,1,G,high,en,2024-01-01,2026-05-01
HT000749,glittermakeup,Entertainment,General Entertainment,1,G,viral,en,2024-01-01,2026-05-01
HT000750,globalcomedy,Entertainment,General Entertainment,1,G,viral,en,2024-01-01,2026-05-01
HT000751,globaleconomy,Entertainment,General Entertainment,1,G,viral,en,2024-01-01,2026-05-01
HT000752,globalnews,Entertainment,General Entertainment,1,G,viral,en,2024-01-01,2026-05-01
HT000753,globalsumudflotilla,Entertainment,General Entertainment,1,G,viral,en,2024-01-01,2026-05-01
HT000754,glyph,Entertainment,General Entertainment,1,G,medium,en,2024-01-01,2026-05-01
HT000755,glyphwhiskey,Entertainment,General Entertainment,1,G,viral,en,2024-01-01,2026-05-01
HT000756,gmanews,Entertainment,General Entertainment,1,G,high,en,2024-01-01,2026-05-01
HT000757,gnb,Entertainment,General Entertainment,1,G,medium,en,2024-01-01,2026-05-01
HT000758,goat,Entertainment,General Entertainment,1,G,medium,en,2024-01-01,2026-05-01
HT000759,goated,Entertainment,General Entertainment,1,G,high,en,2024-01-01,2026-05-01
HT000760,god,Entertainment,General Entertainment,1,G,medium,en,2024-01-01,2026-05-01
HT000761,godedit,Entertainment,General Entertainment,1,G,high,en,2024-01-01,2026-05-01
HT000762,goforyou,Entertainment,General Entertainment,1,G,high,en,2024-01-01,2026-05-01
HT000763,gold,Entertainment,General Entertainment,1,G,medium,en,2024-01-01,2026-05-01
HT000764,goldfishclub,Entertainment,General Entertainment,1,G,viral,en,2024-01-01,2026-05-01
HT000765,gooba,Entertainment,General Entertainment,1,G,medium,en,2024-01-01,2026-05-01
HT000766,gooooovirallllllllllllllllllllllll,Entertainment,General Entertainment,1,G,viral,en,2024-01-01,2026-05-01
HT000767,gosip,Entertainment,General Entertainment,1,G,medium,en,2024-01-01,2026-05-01
HT000768,gothic,Entertainment,General Entertainment,1,G,high,en,2024-01-01,2026-05-01
HT000769,gotiktok,Entertainment,General Entertainment,1,G,high,en,2024-01-01,2026-05-01
HT000770,government,News & Politics,Current Affairs,0,PG-13,viral,en,2024-01-01,2026-05-01
HT000771,governmentshutdown,Entertainment,General Entertainment,1,G,viral,en,2024-01-01,2026-05-01
HT000772,goviral,Entertainment,General Entertainment,1,G,high,en,2024-01-01,2026-05-01
HT000773,gradschool,Entertainment,General Entertainment,1,G,viral,en,2024-01-01,2026-05-01
HT000774,graduation,Entertainment,General Entertainment,1,G,viral,en,2024-01-01,2026-05-01
HT000775,grandcanyon,Entertainment,General Entertainment,1,G,viral,en,2024-01-01,2026-05-01
HT000776,grape,Entertainment,General Entertainment,1,G,medium,en,2024-01-01,2026-05-01
HT000777,grapetanghulu,Entertainment,General Entertainment,1,G,viral,en,2024-01-01,2026-05-01
HT000778,gravity,Entertainment,General Entertainment,1,G,high,en,2024-01-01,2026-05-01
HT000779,greenscreen,Entertainment,General Entertainment,1,G,viral,en,2024-01-01,2026-05-01
HT000780,greenscreenvideo,Entertainment,General Entertainment,1,G,viral,en,2024-01-01,2026-05-01
HT000781,gretathunberg,Entertainment,General Entertainment,1,G,viral,en,2024-01-01,2026-05-01
HT000782,groundreality,Entertainment,General Entertainment,1,G,viral,en,2024-01-01,2026-05-01
HT000783,grow,Entertainment,General Entertainment,1,G,medium,en,2024-01-01,2026-05-01
HT000784,growaccount,Entertainment,General Entertainment,1,G,viral,en,2024-01-01,2026-05-01
HT000785,growaccountsister,Entertainment,General Entertainment,1,G,viral,en,2024-01-01,2026-05-01
HT000786,growmyaccount,Entertainment,General Entertainment,1,G,viral,en,2024-01-01,2026-05-01
HT000787,grwm,Beauty & Fashion,Lifestyle & Style,1,G,medium,en,2024-01-01,2026-05-01
HT000788,guilty,Entertainment,General Entertainment,1,G,high,en,2024-01-01,2026-05-01
HT000789,guitar,Entertainment,General Entertainment,1,G,high,en,2024-01-01,2026-05-01
HT000790,gum,Entertainment,General Entertainment,1,G,medium,en,2024-01-01,2026-05-01
HT000791,gumwall,Entertainment,General Entertainment,1,G,high,en,2024-01-01,2026-05-01
HT000792,gunshooting,Entertainment,General Entertainment,1,G,viral,en,2024-01-01,2026-05-01
HT000793,guthealth,Entertainment,General Entertainment,1,G,viral,en,2024-01-01,2026-05-01
HT000794,gym,Sports,Health & Athletics,1,G,medium,en,2024-01-01,2026-05-01
HT000795,gymnastics,Entertainment,General Entertainment,1,G,viral,en,2024-01-01,2026-05-01
HT000796,gymrat,Entertainment,General Entertainment,1,G,high,en,2024-01-01,2026-05-01
HT000797,gymtok,Entertainment,General Entertainment,1,G,high,en,2024-01-01,2026-05-01
HT000798,gynecology,Entertainment,General Entertainment,1,G,viral,en,2024-01-01,2026-05-01
HT000799,h2o,Entertainment,General Entertainment,1,G,medium,en,2024-01-01,2026-05-01
HT000800,hack,Lifestyle,Daily Living,1,G,medium,en,2024-01-01,2026-05-01
HT000801,haha,Entertainment,General Entertainment,1,G,medium,en,2024-01-01,2026-05-01
HT000802,hahaha,Entertainment,General Entertainment,1,G,high,en,2024-01-01,2026-05-01
HT000803,hair,Beauty & Fashion,Lifestyle & Style,1,G,medium,en,2024-01-01,2026-05-01
HT000804,haircare,Entertainment,General Entertainment,1,G,high,en,2024-01-01,2026-05-01
HT000805,haircolor,Entertainment,General Entertainment,1,G,viral,en,2024-01-01,2026-05-01
HT000806,hairsalon,Entertainment,General Entertainment,1,G,viral,en,2024-01-01,2026-05-01
HT000807,hairstyle,Entertainment,General Entertainment,1,G,viral,en,2024-01-01,2026-05-01
HT000808,hairstylist,Entertainment,General Entertainment,1,G,viral,en,2024-01-01,2026-05-01
HT000809,hairtok,Entertainment,General Entertainment,1,G,high,en,2024-01-01,2026-05-01
HT000810,handschallenge,Entertainment,General Entertainment,1,G,viral,en,2024-01-01,2026-05-01
HT000811,hapiness,Entertainment,General Entertainment,1,G,high,en,2024-01-01,2026-05-01
HT000812,happyness,Entertainment,General Entertainment,1,G,viral,en,2024-01-01,2026-05-01
HT000813,hardrock,Entertainment,General Entertainment,1,G,high,en,2024-01-01,2026-05-01
HT000814,harianbangsa,Entertainment,General Entertainment,1,G,viral,en,2024-01-01,2026-05-01
HT000815,harriscounty,Entertainment,General Entertainment,1,G,viral,en,2024-01-01,2026-05-01
HT000816,harrypotter,Entertainment,General Entertainment,1,G,viral,en,2024-01-01,2026-05-01
HT000817,harryssisson,Entertainment,General Entertainment,1,G,viral,en,2024-01-01,2026-05-01
HT000818,harrystyles,Entertainment,General Entertainment,1,G,viral,en,2024-01-01,2026-05-01
HT000819,hatescience,Entertainment,General Entertainment,1,G,viral,en,2024-01-01,2026-05-01
HT000820,hawaii,Entertainment,General Entertainment,1,G,high,en,2024-01-01,2026-05-01
HT000821,hayaanmosila,Entertainment,General Entertainment,1,G,viral,en,2024-01-01,2026-05-01
HT000822,hazeiia,Entertainment,General Entertainment,1,G,high,en,2024-01-01,2026-05-01
HT000823,health,Entertainment,General Entertainment,1,G,high,en,2024-01-01,2026-05-01
HT000824,healthcare,Entertainment,General Entertainment,1,G,viral,en,2024-01-01,2026-05-01
HT000825,healtheducation,Entertainment,General Entertainment,1,G,viral,en,2024-01-01,2026-05-01
HT000826,healthfacts,Entertainment,General Entertainment,1,G,viral,en,2024-01-01,2026-05-01
HT000827,healthtips,Entertainment,General Entertainment,1,G,viral,en,2024-01-01,2026-05-01
HT000828,heartanatomy,Entertainment,General Entertainment,1,G,viral,en,2024-01-01,2026-05-01
HT000829,heartfunction,Entertainment,General Entertainment,1,G,viral,en,2024-01-01,2026-05-01
HT000830,hearthealth,Entertainment,General Entertainment,1,G,viral,en,2024-01-01,2026-05-01
HT000831,heels,Entertainment,General Entertainment,1,G,medium,en,2024-01-01,2026-05-01
HT000832,height,Entertainment,General Entertainment,1,G,high,en,2024-01-01,2026-05-01
HT000833,helpthisgoviral,Entertainment,General Entertainment,1,G,viral,en,2024-01-01,2026-05-01
HT000834,hemorrhoidectomy,Entertainment,General Entertainment,1,G,viral,en,2024-01-01,2026-05-01
HT000835,her,Entertainment,General Entertainment,1,G,medium,en,2024-01-01,2026-05-01
HT000836,hermionegranger,Entertainment,General Entertainment,1,G,viral,en,2024-01-01,2026-05-01
HT000837,hilarious,Entertainment,General Entertainment,1,G,viral,en,2024-01-01,2026-05-01
HT000838,hiphop,Music,Audio & Performance,1,G,high,en,2024-01-01,2026-05-01
HT000839,hiphopdance,Entertainment,General Entertainment,1,G,viral,en,2024-01-01,2026-05-01
HT000840,hiphopmusic,Entertainment,General Entertainment,1,G,viral,en,2024-01-01,2026-05-01
HT000841,history,Entertainment,General Entertainment,1,G,high,en,2024-01-01,2026-05-01
HT000842,historyof,Entertainment,General Entertainment,1,G,viral,en,2024-01-01,2026-05-01
HT000843,hitsong,Entertainment,General Entertainment,1,G,high,en,2024-01-01,2026-05-01
HT000844,hoduacademy,Entertainment,General Entertainment,1,G,viral,en,2024-01-01,2026-05-01
HT000845,hollywood,Entertainment,General Entertainment,1,G,viral,en,2024-01-01,2026-05-01
HT000846,home,Entertainment,General Entertainment,1,G,medium,en,2024-01-01,2026-05-01
HT000847,homebrewing,Entertainment,General Entertainment,1,G,viral,en,2024-01-01,2026-05-01
HT000848,hopecore,Entertainment,General Entertainment,1,G,high,en,2024-01-01,2026-05-01
HT000849,hot,Entertainment,General Entertainment,1,G,medium,en,2024-01-01,2026-05-01
HT000850,hotnew,Entertainment,General Entertainment,1,G,high,en,2024-01-01,2026-05-01
HT000851,hotnews,News & Politics,Current Affairs,0,PG-13,high,en,2024-01-01,2026-05-01
HT000852,houston,Entertainment,General Entertainment,1,G,high,en,2024-01-01,2026-05-01
HT000853,howitworks,Entertainment,General Entertainment,1,G,viral,en,2024-01-01,2026-05-01
HT000854,howthingswork,Entertainment,General Entertainment,1,G,viral,en,2024-01-01,2026-05-01
HT000855,hulk,Entertainment,General Entertainment,1,G,medium,en,2024-01-01,2026-05-01
HT000856,human,Entertainment,General Entertainment,1,G,medium,en,2024-01-01,2026-05-01
HT000857,humanbody,Entertainment,General Entertainment,1,G,viral,en,2024-01-01,2026-05-01
HT000858,humancrisis,Entertainment,General Entertainment,1,G,viral,en,2024-01-01,2026-05-01
HT000859,humor,Entertainment,General Entertainment,1,G,medium,en,2024-01-01,2026-05-01
HT000860,huntsman,Entertainment,General Entertainment,1,G,high,en,2024-01-01,2026-05-01
HT000861,huntsmanspider,Entertainment,General Entertainment,1,G,viral,en,2024-01-01,2026-05-01
HT000862,hushmoney,Entertainment,General Entertainment,1,G,viral,en,2024-01-01,2026-05-01
HT000863,ib,Entertainment,General Entertainment,1,G,low,en,2024-01-01,2026-05-01
HT000864,icarly,Entertainment,General Entertainment,1,G,high,en,2024-01-01,2026-05-01
HT000865,ice,Entertainment,General Entertainment,1,G,medium,en,2024-01-01,2026-05-01
HT000866,iffimissyou,Entertainment,General Entertainment,1,G,viral,en,2024-01-01,2026-05-01
HT000867,igcomicfamily,Entertainment,General Entertainment,1,G,viral,en,2024-01-01,2026-05-01
HT000868,igcse,Entertainment,General Entertainment,1,G,medium,en,2024-01-01,2026-05-01
HT000869,igorkryan,Entertainment,General Entertainment,1,G,viral,en,2024-01-01,2026-05-01
HT000870,igotlove,Entertainment,General Entertainment,1,G,high,en,2024-01-01,2026-05-01
HT000871,ilovehim,Entertainment,General Entertainment,1,G,high,en,2024-01-01,2026-05-01
HT000872,ilovemusic,Entertainment,General Entertainment,1,G,viral,en,2024-01-01,2026-05-01
HT000873,iloveyou,Entertainment,General Entertainment,1,G,high,en,2024-01-01,2026-05-01
HT000874,immunity,Entertainment,General Entertainment,1,G,high,en,2024-01-01,2026-05-01
HT000875,impostersyndrome,Entertainment,General Entertainment,1,G,viral,en,2024-01-01,2026-05-01
HT000876,impressions,Entertainment,General Entertainment,1,G,viral,en,2024-01-01,2026-05-01
HT000877,improv,Comedy,Humor & Skits,1,G,high,en,2024-01-01,2026-05-01
HT000878,incredible,Entertainment,General Entertainment,1,G,viral,en,2024-01-01,2026-05-01
HT000879,india,Entertainment,General Entertainment,1,G,medium,en,2024-01-01,2026-05-01
HT000880,indie,Music,Audio & Performance,1,G,medium,en,2024-01-01,2026-05-01
HT000881,indiemusic,Entertainment,General Entertainment,1,G,viral,en,2024-01-01,2026-05-01
HT000882,indierockmusic,Entertainment,General Entertainment,1,G,viral,en,2024-01-01,2026-05-01
HT000883,indievibes,Entertainment,General Entertainment,1,G,viral,en,2024-01-01,2026-05-01
HT000884,indirectas,Entertainment,General Entertainment,1,G,viral,en,2024-01-01,2026-05-01
HT000885,industrialincident,Entertainment,General Entertainment,1,G,viral,en,2024-01-01,2026-05-01
HT000886,industry,Entertainment,General Entertainment,1,G,high,en,2024-01-01,2026-05-01
HT000887,infinitywar,Entertainment,General Entertainment,1,G,viral,en,2024-01-01,2026-05-01
HT000888,innovation,Technology,Innovation & Tech,1,G,viral,en,2024-01-01,2026-05-01
HT000889,innovative,Entertainment,General Entertainment,1,G,viral,en,2024-01-01,2026-05-01
HT000890,inspirational,Entertainment,General Entertainment,1,G,viral,en,2024-01-01,2026-05-01
HT000891,interesting,Entertainment,General Entertainment,1,G,viral,en,2024-01-01,2026-05-01
HT000892,interestingfacts,Entertainment,General Entertainment,1,G,viral,en,2024-01-01,2026-05-01
HT000893,internationalconflict,Entertainment,General Entertainment,1,G,viral,en,2024-01-01,2026-05-01
HT000894,internationalcrisis,Entertainment,General Entertainment,1,G,viral,en,2024-01-01,2026-05-01
HT000895,internationalinformation,Entertainment,General Entertainment,1,G,viral,en,2024-01-01,2026-05-01
HT000896,internationalnews,Entertainment,General Entertainment,1,G,viral,en,2024-01-01,2026-05-01
HT000897,internationalpolitics,Entertainment,General Entertainment,1,G,viral,en,2024-01-01,2026-05-01
HT000898,internationalrelations,Entertainment,General Entertainment,1,G,viral,en,2024-01-01,2026-05-01
HT000899,internationalreport,Entertainment,General Entertainment,1,G,viral,en,2024-01-01,2026-05-01
HT000900,internationalsecurity,Entertainment,General Entertainment,1,G,viral,en,2024-01-01,2026-05-01
HT000901,internationalwaters,Entertainment,General Entertainment,1,G,viral,en,2024-01-01,2026-05-01
HT000902,internet,Entertainment,General Entertainment,1,G,high,en,2024-01-01,2026-05-01
HT000903,intheairtonight,Entertainment,General Entertainment,1,G,viral,en,2024-01-01,2026-05-01
HT000904,intheknow,Entertainment,General Entertainment,1,G,viral,en,2024-01-01,2026-05-01
HT000905,iran,Entertainment,General Entertainment,1,G,medium,en,2024-01-01,2026-05-01
HT000906,iranwar,Entertainment,General Entertainment,1,G,high,en,2024-01-01,2026-05-01
HT000907,irish,Entertainment,General Entertainment,1,G,medium,en,2024-01-01,2026-05-01
HT000908,irishslang,Entertainment,General Entertainment,1,G,viral,en,2024-01-01,2026-05-01
HT000909,ironman,Entertainment,General Entertainment,1,G,high,en,2024-01-01,2026-05-01
HT000910,irritated,Entertainment,General Entertainment,1,G,viral,en,2024-01-01,2026-05-01
HT000911,islam,Entertainment,General Entertainment,1,G,medium,en,2024-01-01,2026-05-01
HT000912,israel,Entertainment,General Entertainment,1,G,high,en,2024-01-01,2026-05-01
HT000913,iss,Entertainment,General Entertainment,1,G,medium,en,2024-01-01,2026-05-01
HT000914,italy,Entertainment,General Entertainment,1,G,medium,en,2024-01-01,2026-05-01
HT000915,itsajoke,Entertainment,General Entertainment,1,G,high,en,2024-01-01,2026-05-01
HT000916,itsmelodyhaven,Entertainment,General Entertainment,1,G,viral,en,2024-01-01,2026-05-01
HT000917,itsoucyeli,Entertainment,General Entertainment,1,G,viral,en,2024-01-01,2026-05-01
HT000918,jacobwolf,Entertainment,General Entertainment,1,G,viral,en,2024-01-01,2026-05-01
HT000919,jakarta,Entertainment,General Entertainment,1,G,high,en,2024-01-01,2026-05-01
HT000920,jakartaslim,Entertainment,General Entertainment,1,G,viral,en,2024-01-01,2026-05-01
HT000921,jameshetfield,Entertainment,General Entertainment,1,G,viral,en,2024-01-01,2026-05-01
HT000922,jasminecrockett,Entertainment,General Entertainment,1,G,viral,en,2024-01-01,2026-05-01
HT000923,jayz,Entertainment,General Entertainment,1,G,medium,en,2024-01-01,2026-05-01
HT000924,jcole,Entertainment,General Entertainment,1,G,medium,en,2024-01-01,2026-05-01
HT000925,jeanniemai,Entertainment,General Entertainment,1,G,viral,en,2024-01-01,2026-05-01
HT000926,jee,Entertainment,General Entertainment,1,G,medium,en,2024-01-01,2026-05-01
HT000927,jeffarcuri,Entertainment,General Entertainment,1,G,viral,en,2024-01-01,2026-05-01
HT000928,jennie,Entertainment,General Entertainment,1,G,high,en,2024-01-01,2026-05-01
HT000929,jerfvx,Entertainment,General Entertainment,1,G,high,en,2024-01-01,2026-05-01
HT000930,jessicarai,Entertainment,General Entertainment,1,G,viral,en,2024-01-01,2026-05-01
HT000931,jesuschrist,Entertainment,General Entertainment,1,G,viral,en,2024-01-01,2026-05-01
HT000932,jimcarrey,Entertainment,General Entertainment,1,G,viral,en,2024-01-01,2026-05-01
HT000933,jimmyoyang,Entertainment,General Entertainment,1,G,viral,en,2024-01-01,2026-05-01
HT000934,joke,Comedy,Humor & Skits,1,G,medium,en,2024-01-01,2026-05-01
HT000935,jokes,Entertainment,General Entertainment,1,G,medium,en,2024-01-01,2026-05-01
HT000936,jonas,Entertainment,General Entertainment,1,G,medium,en,2024-01-01,2026-05-01
HT000937,joshwolf,Entertainment,General Entertainment,1,G,high,en,2024-01-01,2026-05-01
HT000938,joshwolfcomedy,Entertainment,General Entertainment,1,G,viral,en,2024-01-01,2026-05-01
HT000939,jossgawin,Entertainment,General Entertainment,1,G,viral,en,2024-01-01,2026-05-01
HT000940,jre,Entertainment,General Entertainment,1,G,medium,en,2024-01-01,2026-05-01
HT000941,justinbieber,Entertainment,General Entertainment,1,G,viral,en,2024-01-01,2026-05-01
HT000942,jyp,Entertainment,General Entertainment,1,G,medium,en,2024-01-01,2026-05-01
HT000943,kaidevega,Entertainment,General Entertainment,1,G,viral,en,2024-01-01,2026-05-01
HT000944,kalanfrfr,Entertainment,General Entertainment,1,G,viral,en,2024-01-01,2026-05-01
HT000945,kalboishakhi,Entertainment,General Entertainment,1,G,viral,en,2024-01-01,2026-05-01
HT000946,kampala,Entertainment,General Entertainment,1,G,high,en,2024-01-01,2026-05-01
HT000947,karise,Entertainment,General Entertainment,1,G,high,en,2024-01-01,2026-05-01
HT000948,karolineleavitt,Entertainment,General Entertainment,1,G,viral,en,2024-01-01,2026-05-01
HT000949,kasusviral,Entertainment,General Entertainment,1,G,viral,en,2024-01-01,2026-05-01
HT000950,katebush,Entertainment,General Entertainment,1,G,high,en,2024-01-01,2026-05-01
HT000951,katieboyle,Entertainment,General Entertainment,1,G,viral,en,2024-01-01,2026-05-01
HT000952,katieboylecomic,Entertainment,General Entertainment,1,G,viral,en,2024-01-01,2026-05-01
HT000953,kattwilliams,Entertainment,General Entertainment,1,G,viral,en,2024-01-01,2026-05-01
HT000954,katyperry,Entertainment,General Entertainment,1,G,viral,en,2024-01-01,2026-05-01
HT000955,kawaii,Entertainment,General Entertainment,1,G,high,en,2024-01-01,2026-05-01
HT000956,keluargaartis,Entertainment,General Entertainment,1,G,viral,en,2024-01-01,2026-05-01
HT000957,kenya,Entertainment,General Entertainment,1,G,medium,en,2024-01-01,2026-05-01
HT000958,kevin,Entertainment,General Entertainment,1,G,medium,en,2024-01-01,2026-05-01
HT000959,kevinheart,Entertainment,General Entertainment,1,G,viral,en,2024-01-01,2026-05-01
HT000960,kiaramiaw,Entertainment,General Entertainment,1,G,viral,en,2024-01-01,2026-05-01
HT000961,kidactivities,Entertainment,General Entertainment,1,G,viral,en,2024-01-01,2026-05-01
HT000962,kidneys,Entertainment,General Entertainment,1,G,high,en,2024-01-01,2026-05-01
HT000963,kidneystone,Entertainment,General Entertainment,1,G,viral,en,2024-01-01,2026-05-01
HT000964,kidneystoneremoval,Entertainment,General Entertainment,1,G,viral,en,2024-01-01,2026-05-01
HT000965,kidneystones,Entertainment,General Entertainment,1,G,viral,en,2024-01-01,2026-05-01
HT000966,kidneystonesurgery,Entertainment,General Entertainment,1,G,viral,en,2024-01-01,2026-05-01
HT000967,kidsactivities,Entertainment,General Entertainment,1,G,viral,en,2024-01-01,2026-05-01
HT000968,kikuyu,Entertainment,General Entertainment,1,G,high,en,2024-01-01,2026-05-01
HT000969,kikuyuisbae,Entertainment,General Entertainment,1,G,viral,en,2024-01-01,2026-05-01
HT000970,kikuyutiktok,Entertainment,General Entertainment,1,G,viral,en,2024-01-01,2026-05-01
HT000971,kikuyutiktokers,Entertainment,General Entertainment,1,G,viral,en,2024-01-01,2026-05-01
HT000972,kindness,Entertainment,General Entertainment,1,G,high,en,2024-01-01,2026-05-01
HT000973,king,Entertainment,General Entertainment,1,G,medium,en,2024-01-01,2026-05-01
HT000974,kinglyricsss,Entertainment,General Entertainment,1,G,viral,en,2024-01-01,2026-05-01
HT000975,kingsofcomedy,Entertainment,General Entertainment,1,G,viral,en,2024-01-01,2026-05-01
HT000976,kiwico,Entertainment,General Entertainment,1,G,high,en,2024-01-01,2026-05-01
HT000977,kloecsiu,Entertainment,General Entertainment,1,G,high,en,2024-01-01,2026-05-01
HT000978,knowledge,Science & Education,STEM & Learning,1,G,viral,en,2024-01-01,2026-05-01
HT000979,kocak,Entertainment,General Entertainment,1,G,medium,en,2024-01-01,2026-05-01
HT000980,kodakblack,Entertainment,General Entertainment,1,G,viral,en,2024-01-01,2026-05-01
HT000981,konig,Entertainment,General Entertainment,1,G,medium,en,2024-01-01,2026-05-01
HT000982,korean,Entertainment,General Entertainment,1,G,high,en,2024-01-01,2026-05-01
HT000983,koredebello,Entertainment,General Entertainment,1,G,viral,en,2024-01-01,2026-05-01
HT000984,lab,Entertainment,General Entertainment,1,G,medium,en,2024-01-01,2026-05-01
HT000985,lablife,Entertainment,General Entertainment,1,G,high,en,2024-01-01,2026-05-01
HT000986,laboratory,Entertainment,General Entertainment,1,G,viral,en,2024-01-01,2026-05-01
HT000987,ladbible,Entertainment,General Entertainment,1,G,high,en,2024-01-01,2026-05-01
HT000988,lahorepakistan,Entertainment,General Entertainment,1,G,viral,en,2024-01-01,2026-05-01
HT000989,lambeturah,Entertainment,General Entertainment,1,G,viral,en,2024-01-01,2026-05-01
HT000990,language,Entertainment,General Entertainment,1,G,high,en,2024-01-01,2026-05-01
HT000991,lasttime,Entertainment,General Entertainment,1,G,high,en,2024-01-01,2026-05-01
HT000992,latestnews,Entertainment,General Entertainment,1,G,viral,en,2024-01-01,2026-05-01
HT000993,latina,Entertainment,General Entertainment,1,G,high,en,2024-01-01,2026-05-01
HT000994,latinavibes,Entertainment,General Entertainment,1,G,viral,en,2024-01-01,2026-05-01
HT000995,latinmusic,Entertainment,General Entertainment,1,G,viral,en,2024-01-01,2026-05-01
HT000996,learn,Science & Education,STEM & Learning,1,G,medium,en,2024-01-01,2026-05-01
HT000997,learndaily,Entertainment,General Entertainment,1,G,viral,en,2024-01-01,2026-05-01
HT000998,learning,Science & Education,STEM & Learning,1,G,high,en,2024-01-01,2026-05-01
HT000999,learningfun,Entertainment,General Entertainment,1,G,viral,en,2024-01-01,2026-05-01
HT001000,learnontik,Entertainment,General Entertainment,1,G,viral,en,2024-01-01,2026-05-01
HT001001,learnontiktok,Entertainment,General Entertainment,1,G,viral,en,2024-01-01,2026-05-01
HT001002,lebanese,Entertainment,General Entertainment,1,G,high,en,2024-01-01,2026-05-01
HT001003,leftist,Entertainment,General Entertainment,1,G,high,en,2024-01-01,2026-05-01
HT001004,legend,Entertainment,General Entertainment,1,G,high,en,2024-01-01,2026-05-01
HT001005,lemon,Entertainment,General Entertainment,1,G,medium,en,2024-01-01,2026-05-01
HT001006,lemur,Entertainment,General Entertainment,1,G,medium,en,2024-01-01,2026-05-01
HT001007,letsgetit,Entertainment,General Entertainment,1,G,viral,en,2024-01-01,2026-05-01
HT001008,levantatemorro,Entertainment,General Entertainment,1,G,viral,en,2024-01-01,2026-05-01
HT001009,liakatali77,Entertainment,General Entertainment,1,G,viral,en,2024-01-01,2026-05-01
HT001010,life,Lifestyle,Daily Living,1,G,medium,en,2024-01-01,2026-05-01
HT001011,lifehack,Entertainment,General Entertainment,1,G,high,en,2024-01-01,2026-05-01
HT001012,lifelessons,Entertainment,General Entertainment,1,G,viral,en,2024-01-01,2026-05-01
HT001013,light,Entertainment,General Entertainment,1,G,medium,en,2024-01-01,2026-05-01
HT001014,lightinsnowc,Entertainment,General Entertainment,1,G,viral,en,2024-01-01,2026-05-01
HT001015,like,Entertainment,General Entertainment,1,G,medium,en,2024-01-01,2026-05-01
HT001016,lil_moji,Entertainment,General Entertainment,1,G,high,en,2024-01-01,2026-05-01
HT001017,lilmaceee,Entertainment,General Entertainment,1,G,viral,en,2024-01-01,2026-05-01
HT001018,limahl,Entertainment,General Entertainment,1,G,high,en,2024-01-01,2026-05-01
HT001019,lindas,Entertainment,General Entertainment,1,G,high,en,2024-01-01,2026-05-01
HT001020,lipsync,Entertainment,General Entertainment,1,G,high,en,2024-01-01,2026-05-01
HT001021,listentothis,Entertainment,General Entertainment,1,G,viral,en,2024-01-01,2026-05-01
HT001022,literaljoke,Entertainment,General Entertainment,1,G,viral,en,2024-01-01,2026-05-01
HT001023,live,Entertainment,General Entertainment,1,G,medium,en,2024-01-01,2026-05-01
HT001024,livereport,Entertainment,General Entertainment,1,G,viral,en,2024-01-01,2026-05-01
HT001025,liveshow,Entertainment,General Entertainment,1,G,high,en,2024-01-01,2026-05-01
HT001026,lju81c4,Entertainment,General Entertainment,1,G,high,en,2024-01-01,2026-05-01
HT001027,lmao,Entertainment,General Entertainment,1,G,medium,en,2024-01-01,2026-05-01
HT001028,lmfao,Entertainment,General Entertainment,1,G,medium,en,2024-01-01,2026-05-01
HT001029,lockdown,Entertainment,General Entertainment,1,G,high,en,2024-01-01,2026-05-01
HT001030,loki,Entertainment,General Entertainment,1,G,medium,en,2024-01-01,2026-05-01
HT001031,lol,Entertainment,General Entertainment,1,G,medium,en,2024-01-01,2026-05-01
HT001032,london,Entertainment,General Entertainment,1,G,high,en,2024-01-01,2026-05-01
HT001033,longdistancerelationship,Entertainment,General Entertainment,1,G,viral,en,2024-01-01,2026-05-01
HT001034,looping,Entertainment,General Entertainment,1,G,high,en,2024-01-01,2026-05-01
HT001035,louvremus,Entertainment,General Entertainment,1,G,viral,en,2024-01-01,2026-05-01
HT001036,lov,Entertainment,General Entertainment,1,G,medium,en,2024-01-01,2026-05-01
HT001037,love,Entertainment,General Entertainment,1,G,medium,en,2024-01-01,2026-05-01
HT001038,lovebird,Entertainment,General Entertainment,1,G,high,en,2024-01-01,2026-05-01
HT001039,lovelanguage,Entertainment,General Entertainment,1,G,viral,en,2024-01-01,2026-05-01
HT001040,lovemusic,Entertainment,General Entertainment,1,G,viral,en,2024-01-01,2026-05-01
HT001041,loveyou,Entertainment,General Entertainment,1,G,high,en,2024-01-01,2026-05-01
HT001042,lua,Entertainment,General Entertainment,1,G,medium,en,2024-01-01,2026-05-01
HT001043,lucky,Entertainment,General Entertainment,1,G,medium,en,2024-01-01,2026-05-01
HT001044,lukenizzy,Entertainment,General Entertainment,1,G,viral,en,2024-01-01,2026-05-01
HT001045,lushlife,Entertainment,General Entertainment,1,G,high,en,2024-01-01,2026-05-01
HT001046,lyics,Entertainment,General Entertainment,1,G,medium,en,2024-01-01,2026-05-01
HT001047,lyric,Entertainment,General Entertainment,1,G,medium,en,2024-01-01,2026-05-01
HT001048,lyrics,Music,Audio & Performance,1,G,high,en,2024-01-01,2026-05-01
HT001049,lyrics_songs,Entertainment,General Entertainment,1,G,viral,en,2024-01-01,2026-05-01
HT001050,macmiller,Entertainment,General Entertainment,1,G,viral,en,2024-01-01,2026-05-01
HT001051,made,Entertainment,General Entertainment,1,G,medium,en,2024-01-01,2026-05-01
HT001052,madelineargy,Entertainment,General Entertainment,1,G,viral,en,2024-01-01,2026-05-01
HT001053,madisonbeer,Entertainment,General Entertainment,1,G,viral,en,2024-01-01,2026-05-01
HT001054,madisonbeeredits,Entertainment,General Entertainment,1,G,viral,en,2024-01-01,2026-05-01
HT001055,madisonbeervideo,Entertainment,General Entertainment,1,G,viral,en,2024-01-01,2026-05-01
HT001056,madisonbeervideos,Entertainment,General Entertainment,1,G,viral,en,2024-01-01,2026-05-01
HT001057,magic,Entertainment,General Entertainment,1,G,medium,en,2024-01-01,2026-05-01
HT001058,maine,Entertainment,General Entertainment,1,G,medium,en,2024-01-01,2026-05-01
HT001059,makemefamous,Entertainment,General Entertainment,1,G,viral,en,2024-01-01,2026-05-01
HT001060,makethisviral,Entertainment,General Entertainment,1,G,viral,en,2024-01-01,2026-05-01
HT001061,makeup,Beauty & Fashion,Lifestyle & Style,1,G,high,en,2024-01-01,2026-05-01
HT001062,malcolmtodd,Entertainment,General Entertainment,1,G,viral,en,2024-01-01,2026-05-01
HT001063,maleanatomy,Entertainment,General Entertainment,1,G,viral,en,2024-01-01,2026-05-01
HT001064,maluma,Entertainment,General Entertainment,1,G,high,en,2024-01-01,2026-05-01
HT001065,mamamukuhistory,Entertainment,General Entertainment,1,G,viral,en,2024-01-01,2026-05-01
HT001066,mannabayfoundation1,Entertainment,General Entertainment,1,G,viral,en,2024-01-01,2026-05-01
HT001067,marriedlife,Entertainment,General Entertainment,1,G,viral,en,2024-01-01,2026-05-01
HT001068,marriedlifehumor,Entertainment,General Entertainment,1,G,viral,en,2024-01-01,2026-05-01
HT001069,marvel,Entertainment,General Entertainment,1,G,high,en,2024-01-01,2026-05-01
HT001070,marvelcinematicuniverse,Entertainment,General Entertainment,1,G,viral,en,2024-01-01,2026-05-01
HT001071,marvelclips,Entertainment,General Entertainment,1,G,viral,en,2024-01-01,2026-05-01
HT001072,marvelcomics,Entertainment,General Entertainment,1,G,viral,en,2024-01-01,2026-05-01
HT001073,marvelcosplay,Entertainment,General Entertainment,1,G,viral,en,2024-01-01,2026-05-01
HT001074,marveledit,Entertainment,General Entertainment,1,G,viral,en,2024-01-01,2026-05-01
HT001075,marvellegends,Entertainment,General Entertainment,1,G,viral,en,2024-01-01,2026-05-01
HT001076,marvelstudios,Entertainment,General Entertainment,1,G,viral,en,2024-01-01,2026-05-01
HT001077,marveltok,Entertainment,General Entertainment,1,G,viral,en,2024-01-01,2026-05-01
HT001078,marveluniverse,Entertainment,General Entertainment,1,G,viral,en,2024-01-01,2026-05-01
HT001079,maryjustusmannabay,Entertainment,General Entertainment,1,G,viral,en,2024-01-01,2026-05-01
HT001080,mask,Entertainment,General Entertainment,1,G,medium,en,2024-01-01,2026-05-01
HT001081,matetozasebou,Entertainment,General Entertainment,1,G,viral,en,2024-01-01,2026-05-01
HT001082,math,Science & Education,STEM & Learning,1,G,medium,en,2024-01-01,2026-05-01
HT001083,mathematics,Entertainment,General Entertainment,1,G,viral,en,2024-01-01,2026-05-01
HT001084,maths,Entertainment,General Entertainment,1,G,medium,en,2024-01-01,2026-05-01
HT001085,matissee,Entertainment,General Entertainment,1,G,high,en,2024-01-01,2026-05-01
HT001086,mattrife,Entertainment,General Entertainment,1,G,high,en,2024-01-01,2026-05-01
HT001087,maturant,Entertainment,General Entertainment,1,G,high,en,2024-01-01,2026-05-01
HT001088,maxamini,Entertainment,General Entertainment,1,G,high,en,2024-01-01,2026-05-01
HT001089,mayday,Entertainment,General Entertainment,1,G,high,en,2024-01-01,2026-05-01
HT001090,mckenzie,Entertainment,General Entertainment,1,G,high,en,2024-01-01,2026-05-01
HT001091,mcu,Entertainment,General Entertainment,1,G,medium,en,2024-01-01,2026-05-01
HT001092,meandher,Entertainment,General Entertainment,1,G,high,en,2024-01-01,2026-05-01
HT001093,medical,Entertainment,General Entertainment,1,G,high,en,2024-01-01,2026-05-01
HT001094,medical3danimation,Entertainment,General Entertainment,1,G,viral,en,2024-01-01,2026-05-01
HT001095,medicalanimation,Entertainment,General Entertainment,1,G,viral,en,2024-01-01,2026-05-01
HT001096,medicaleducation,Entertainment,General Entertainment,1,G,viral,en,2024-01-01,2026-05-01
HT001097,medicalscience,Entertainment,General Entertainment,1,G,viral,en,2024-01-01,2026-05-01
HT001098,medicalvideo,Entertainment,General Entertainment,1,G,viral,en,2024-01-01,2026-05-01
HT001099,medicalvisualization,Entertainment,General Entertainment,1,G,viral,en,2024-01-01,2026-05-01
HT001100,medicine,Entertainment,General Entertainment,1,G,high,en,2024-01-01,2026-05-01
HT001101,meidastouch,Entertainment,General Entertainment,1,G,viral,en,2024-01-01,2026-05-01
HT001102,melaniatrump,Entertainment,General Entertainment,1,G,viral,en,2024-01-01,2026-05-01
HT001103,meme,Entertainment,General Entertainment,1,G,medium,en,2024-01-01,2026-05-01
HT001104,memes,Entertainment,General Entertainment,1,G,medium,en,2024-01-01,2026-05-01
HT001105,mentalhealth,Entertainment,General Entertainment,1,G,viral,en,2024-01-01,2026-05-01
HT001106,metallica,Entertainment,General Entertainment,1,G,viral,en,2024-01-01,2026-05-01
HT001107,metalmusic,Entertainment,General Entertainment,1,G,viral,en,2024-01-01,2026-05-01
HT001108,meteorite,Entertainment,General Entertainment,1,G,viral,en,2024-01-01,2026-05-01
HT001109,mexico,Entertainment,General Entertainment,1,G,high,en,2024-01-01,2026-05-01
HT001110,miaminights,Entertainment,General Entertainment,1,G,viral,en,2024-01-01,2026-05-01
HT001111,michaeljackson,Entertainment,General Entertainment,1,G,viral,en,2024-01-01,2026-05-01
HT001112,mickeymouse,Entertainment,General Entertainment,1,G,viral,en,2024-01-01,2026-05-01
HT001113,microscope,Entertainment,General Entertainment,1,G,viral,en,2024-01-01,2026-05-01
HT001114,microscopy,Entertainment,General Entertainment,1,G,viral,en,2024-01-01,2026-05-01
HT001115,midnightsun,Entertainment,General Entertainment,1,G,viral,en,2024-01-01,2026-05-01
HT001116,millenial,Entertainment,General Entertainment,1,G,viral,en,2024-01-01,2026-05-01
HT001117,millionviews,Entertainment,General Entertainment,1,G,viral,en,2024-01-01,2026-05-01
HT001118,mindblown,Entertainment,General Entertainment,1,G,viral,en,2024-01-01,2026-05-01
HT001119,minerals,Entertainment,General Entertainment,1,G,high,en,2024-01-01,2026-05-01
HT001120,minhanh99,Entertainment,General Entertainment,1,G,viral,en,2024-01-01,2026-05-01
HT001121,minhanh99review,Entertainment,General Entertainment,1,G,viral,en,2024-01-01,2026-05-01
HT001122,minivlog,Entertainment,General Entertainment,1,G,high,en,2024-01-01,2026-05-01
HT001123,minnesota,Entertainment,General Entertainment,1,G,viral,en,2024-01-01,2026-05-01
HT001124,mints,Entertainment,General Entertainment,1,G,medium,en,2024-01-01,2026-05-01
HT001125,misielubisie,Entertainment,General Entertainment,1,G,viral,en,2024-01-01,2026-05-01
HT001126,missiletest,Entertainment,General Entertainment,1,G,viral,en,2024-01-01,2026-05-01
HT001127,mitochondria,Entertainment,General Entertainment,1,G,viral,en,2024-01-01,2026-05-01
HT001128,mixed,Entertainment,General Entertainment,1,G,medium,en,2024-01-01,2026-05-01
HT001129,model,Entertainment,General Entertainment,1,G,medium,en,2024-01-01,2026-05-01
HT001130,mom,Entertainment,General Entertainment,1,G,medium,en,2024-01-01,2026-05-01
HT001131,momentoftruth,Entertainment,General Entertainment,1,G,viral,en,2024-01-01,2026-05-01
HT001132,momlife,Entertainment,General Entertainment,1,G,high,en,2024-01-01,2026-05-01
HT001133,momsover30,Entertainment,General Entertainment,1,G,viral,en,2024-01-01,2026-05-01
HT001134,momtok,Entertainment,General Entertainment,1,G,high,en,2024-01-01,2026-05-01
HT001135,money,Entertainment,General Entertainment,1,G,medium,en,2024-01-01,2026-05-01
HT001136,moneychallenge,Entertainment,General Entertainment,1,G,viral,en,2024-01-01,2026-05-01
HT001137,mood,Entertainment,General Entertainment,1,G,medium,en,2024-01-01,2026-05-01
HT001138,moon,Entertainment,General Entertainment,1,G,medium,en,2024-01-01,2026-05-01
HT001139,moonlitlyr1cs,Entertainment,General Entertainment,1,G,viral,en,2024-01-01,2026-05-01
HT001140,moonrock,Entertainment,General Entertainment,1,G,high,en,2024-01-01,2026-05-01
HT001141,mothershipabroad,Entertainment,General Entertainment,1,G,viral,en,2024-01-01,2026-05-01
HT001142,motivational,Entertainment,General Entertainment,1,G,viral,en,2024-01-01,2026-05-01
HT001143,movie,Entertainment,General Entertainment,1,G,medium,en,2024-01-01,2026-05-01
HT001144,movieclips,Entertainment,General Entertainment,1,G,viral,en,2024-01-01,2026-05-01
HT001145,movieedit,Entertainment,General Entertainment,1,G,viral,en,2024-01-01,2026-05-01
HT001146,movies,Entertainment,General Entertainment,1,G,high,en,2024-01-01,2026-05-01
HT001147,mrkebs24,Entertainment,General Entertainment,1,G,high,en,2024-01-01,2026-05-01
HT001148,msupasure,Entertainment,General Entertainment,1,G,viral,en,2024-01-01,2026-05-01
HT001149,mtkenyaisunited,Entertainment,General Entertainment,1,G,viral,en,2024-01-01,2026-05-01
HT001150,multiverse,Entertainment,General Entertainment,1,G,viral,en,2024-01-01,2026-05-01
HT001151,multiversetheory,Entertainment,General Entertainment,1,G,viral,en,2024-01-01,2026-05-01
HT001152,music,Music,Audio & Performance,1,G,medium,en,2024-01-01,2026-05-01
HT001153,musicalcomedy,Entertainment,General Entertainment,1,G,viral,en,2024-01-01,2026-05-01
HT001154,musicalcommentary,Entertainment,General Entertainment,1,G,viral,en,2024-01-01,2026-05-01
HT001155,musicasparastatus,Entertainment,General Entertainment,1,G,viral,en,2024-01-01,2026-05-01
HT001156,musicdiscovery,Entertainment,General Entertainment,1,G,viral,en,2024-01-01,2026-05-01
HT001157,musicevade,Entertainment,General Entertainment,1,G,viral,en,2024-01-01,2026-05-01
HT001158,musicholic,Entertainment,General Entertainment,1,G,viral,en,2024-01-01,2026-05-01
HT001159,musician,Music,Audio & Performance,1,G,high,en,2024-01-01,2026-05-01
HT001160,musiclovers,Entertainment,General Entertainment,1,G,viral,en,2024-01-01,2026-05-01
HT001161,musicrecommendations,Entertainment,General Entertainment,1,G,viral,en,2024-01-01,2026-05-01
HT001162,musics,Entertainment,General Entertainment,1,G,high,en,2024-01-01,2026-05-01
HT001163,musicvibes,Entertainment,General Entertainment,1,G,viral,en,2024-01-01,2026-05-01
HT001164,musicvideo,Entertainment,General Entertainment,1,G,viral,en,2024-01-01,2026-05-01
HT001165,mustsee,Entertainment,General Entertainment,1,G,high,en,2024-01-01,2026-05-01
HT001166,mustwatch,Entertainment,General Entertainment,1,G,viral,en,2024-01-01,2026-05-01
HT001167,myheartwillgoon,Entertainment,General Entertainment,1,G,viral,en,2024-01-01,2026-05-01
HT001168,mythbusting,Entertainment,General Entertainment,1,G,viral,en,2024-01-01,2026-05-01
HT001169,mythortruth,Entertainment,General Entertainment,1,G,viral,en,2024-01-01,2026-05-01
HT001170,mytypemusic,Entertainment,General Entertainment,1,G,viral,en,2024-01-01,2026-05-01
HT001171,nafaurbach,Entertainment,General Entertainment,1,G,viral,en,2024-01-01,2026-05-01
HT001172,narowal,Entertainment,General Entertainment,1,G,high,en,2024-01-01,2026-05-01
HT001173,nasa,Entertainment,General Entertainment,1,G,medium,en,2024-01-01,2026-05-01
HT001174,nasatok,Entertainment,General Entertainment,1,G,high,en,2024-01-01,2026-05-01
HT001175,nationwide,Entertainment,General Entertainment,1,G,viral,en,2024-01-01,2026-05-01
HT001176,nativetiktok,Entertainment,General Entertainment,1,G,viral,en,2024-01-01,2026-05-01
HT001177,naturaldisaster,Entertainment,General Entertainment,1,G,viral,en,2024-01-01,2026-05-01
HT001178,nature,Science & Education,STEM & Learning,1,G,high,en,2024-01-01,2026-05-01
HT001179,navy,Entertainment,General Entertainment,1,G,medium,en,2024-01-01,2026-05-01
HT001180,ndotz,Entertainment,General Entertainment,1,G,medium,en,2024-01-01,2026-05-01
HT001181,nebulizer,Entertainment,General Entertainment,1,G,viral,en,2024-01-01,2026-05-01
HT001182,neet,Entertainment,General Entertainment,1,G,medium,en,2024-01-01,2026-05-01
HT001183,neildegrassetyson,Entertainment,General Entertainment,1,G,viral,en,2024-01-01,2026-05-01
HT001184,nerdork,Entertainment,General Entertainment,1,G,high,en,2024-01-01,2026-05-01
HT001185,nervy,Entertainment,General Entertainment,1,G,medium,en,2024-01-01,2026-05-01
HT001186,netflixisajoke,Entertainment,General Entertainment,1,G,viral,en,2024-01-01,2026-05-01
HT001187,neuroscience,Entertainment,General Entertainment,1,G,viral,en,2024-01-01,2026-05-01
HT001188,new,Entertainment,General Entertainment,1,G,medium,en,2024-01-01,2026-05-01
HT001189,newartist,Entertainment,General Entertainment,1,G,viral,en,2024-01-01,2026-05-01
HT001190,newcomedy,Entertainment,General Entertainment,1,G,viral,en,2024-01-01,2026-05-01
HT001191,newdance,Entertainment,General Entertainment,1,G,high,en,2024-01-01,2026-05-01
HT001192,newdancetrend,Entertainment,General Entertainment,1,G,viral,en,2024-01-01,2026-05-01
HT001193,newmusic,Music,Audio & Performance,1,G,high,en,2024-01-01,2026-05-01
HT001194,news,News & Politics,Current Affairs,0,PG-13,medium,en,2024-01-01,2026-05-01
HT001195,newsalert,Entertainment,General Entertainment,1,G,viral,en,2024-01-01,2026-05-01
HT001196,newsanalysis,Entertainment,General Entertainment,1,G,viral,en,2024-01-01,2026-05-01
HT001197,newsbreakdown,Entertainment,General Entertainment,1,G,viral,en,2024-01-01,2026-05-01
HT001198,newsdaddy,Entertainment,General Entertainment,1,G,viral,en,2024-01-01,2026-05-01
HT001199,newseua,Entertainment,General Entertainment,1,G,high,en,2024-01-01,2026-05-01
HT001200,newsong,Entertainment,General Entertainment,1,G,high,en,2024-01-01,2026-05-01
HT001201,newsph,Entertainment,General Entertainment,1,G,high,en,2024-01-01,2026-05-01
HT001202,newstiktok,Entertainment,General Entertainment,1,G,viral,en,2024-01-01,2026-05-01
HT001203,newstoday,Entertainment,General Entertainment,1,G,viral,en,2024-01-01,2026-05-01
HT001204,newstok,Entertainment,General Entertainment,1,G,high,en,2024-01-01,2026-05-01
HT001205,newstory,Entertainment,General Entertainment,1,G,high,en,2024-01-01,2026-05-01
HT001206,newsupdate,Entertainment,General Entertainment,1,G,viral,en,2024-01-01,2026-05-01
HT001207,newsusa,Entertainment,General Entertainment,1,G,high,en,2024-01-01,2026-05-01
HT001208,newtiktok,Entertainment,General Entertainment,1,G,viral,en,2024-01-01,2026-05-01
HT001209,newtiktokdance,Entertainment,General Entertainment,1,G,viral,en,2024-01-01,2026-05-01
HT001210,newtrendingdance,Entertainment,General Entertainment,1,G,viral,en,2024-01-01,2026-05-01
HT001211,newzealand,Entertainment,General Entertainment,1,G,viral,en,2024-01-01,2026-05-01
HT001212,nflnews,Entertainment,General Entertainment,1,G,high,en,2024-01-01,2026-05-01
HT001213,nickelodeon,Entertainment,General Entertainment,1,G,viral,en,2024-01-01,2026-05-01
HT001214,nightlife,Entertainment,General Entertainment,1,G,viral,en,2024-01-01,2026-05-01
HT001215,nightlifebeauty,Entertainment,General Entertainment,1,G,viral,en,2024-01-01,2026-05-01
HT001216,ninapool,Entertainment,General Entertainment,1,G,high,en,2024-01-01,2026-05-01
HT001217,noregrets,Entertainment,General Entertainment,1,G,viral,en,2024-01-01,2026-05-01
HT001218,nostalgia,Entertainment,General Entertainment,1,G,viral,en,2024-01-01,2026-05-01
HT001219,nostalgie,Entertainment,General Entertainment,1,G,viral,en,2024-01-01,2026-05-01
HT001220,note,Entertainment,General Entertainment,1,G,medium,en,2024-01-01,2026-05-01
HT001221,notes,Entertainment,General Entertainment,1,G,medium,en,2024-01-01,2026-05-01
HT001222,notion,Entertainment,General Entertainment,1,G,high,en,2024-01-01,2026-05-01
HT001223,nowplaying,Entertainment,General Entertainment,1,G,viral,en,2024-01-01,2026-05-01
HT001224,nuclear,Entertainment,General Entertainment,1,G,high,en,2024-01-01,2026-05-01
HT001225,nucleus,Entertainment,General Entertainment,1,G,high,en,2024-01-01,2026-05-01
HT001226,nutrition,Entertainment,General Entertainment,1,G,viral,en,2024-01-01,2026-05-01
HT001227,nyc,Entertainment,General Entertainment,1,G,medium,en,2024-01-01,2026-05-01
HT001228,nyeri,Entertainment,General Entertainment,1,G,medium,en,2024-01-01,2026-05-01
HT001229,nz,Entertainment,General Entertainment,1,G,low,en,2024-01-01,2026-05-01
HT001230,nzspiders,Entertainment,General Entertainment,1,G,viral,en,2024-01-01,2026-05-01
HT001231,ocean,Entertainment,General Entertainment,1,G,medium,en,2024-01-01,2026-05-01
HT001232,oceans,Entertainment,General Entertainment,1,G,high,en,2024-01-01,2026-05-01
HT001233,ocr,Entertainment,General Entertainment,1,G,medium,en,2024-01-01,2026-05-01
HT001234,official,Entertainment,General Entertainment,1,G,high,en,2024-01-01,2026-05-01
HT001235,officialtiktok,Entertainment,General Entertainment,1,G,viral,en,2024-01-01,2026-05-01
HT001236,ohyes,Entertainment,General Entertainment,1,G,medium,en,2024-01-01,2026-05-01
HT001237,oil,Entertainment,General Entertainment,1,G,medium,en,2024-01-01,2026-05-01
HT001238,okara,Entertainment,General Entertainment,1,G,medium,en,2024-01-01,2026-05-01
HT001239,omg,Entertainment,General Entertainment,1,G,medium,en,2024-01-01,2026-05-01
HT001240,oneminutelearning,Entertainment,General Entertainment,1,G,viral,en,2024-01-01,2026-05-01
HT001241,onepersondance,Entertainment,General Entertainment,1,G,viral,en,2024-01-01,2026-05-01
HT001242,onforyoupagec,Entertainment,General Entertainment,1,G,viral,en,2024-01-01,2026-05-01
HT001243,onrepeat,Entertainment,General Entertainment,1,G,high,en,2024-01-01,2026-05-01
HT001244,ontherocks,Entertainment,General Entertainment,1,G,viral,en,2024-01-01,2026-05-01
HT001245,onthisday,Entertainment,General Entertainment,1,G,viral,en,2024-01-01,2026-05-01
HT001246,oops,Entertainment,General Entertainment,1,G,medium,en,2024-01-01,2026-05-01
HT001247,ootd,Beauty & Fashion,Lifestyle & Style,1,G,medium,en,2024-01-01,2026-05-01
HT001248,originalsong,Entertainment,General Entertainment,1,G,viral,en,2024-01-01,2026-05-01
HT001249,outfit,Beauty & Fashion,Lifestyle & Style,1,G,high,en,2024-01-01,2026-05-01
HT001250,outfitinspo,Entertainment,General Entertainment,1,G,viral,en,2024-01-01,2026-05-01
HT001251,pageforyou,Entertainment,General Entertainment,1,G,viral,en,2024-01-01,2026-05-01
HT001252,pakcikalikita,Entertainment,General Entertainment,1,G,viral,en,2024-01-01,2026-05-01
HT001253,pakistan,Entertainment,General Entertainment,1,G,high,en,2024-01-01,2026-05-01
HT001254,pakistanfloods,Entertainment,General Entertainment,1,G,viral,en,2024-01-01,2026-05-01
HT001255,pakistaninews,Entertainment,General Entertainment,1,G,viral,en,2024-01-01,2026-05-01
HT001256,paleo,Entertainment,General Entertainment,1,G,medium,en,2024-01-01,2026-05-01
HT001257,paleontology,Entertainment,General Entertainment,1,G,viral,en,2024-01-01,2026-05-01
HT001258,paleotok,Entertainment,General Entertainment,1,G,high,en,2024-01-01,2026-05-01
HT001259,pambondi,Entertainment,General Entertainment,1,G,high,en,2024-01-01,2026-05-01
HT001260,pamela,Entertainment,General Entertainment,1,G,high,en,2024-01-01,2026-05-01
HT001261,papsmear,Entertainment,General Entertainment,1,G,high,en,2024-01-01,2026-05-01
HT001262,parati,Entertainment,General Entertainment,1,G,high,en,2024-01-01,2026-05-01
HT001263,paratiii,Entertainment,General Entertainment,1,G,high,en,2024-01-01,2026-05-01
HT001264,paratiiiiiiiiiiiiiiiiiiiiiiiiiiiiiii,Entertainment,General Entertainment,1,G,viral,en,2024-01-01,2026-05-01
HT001265,parents,Entertainment,General Entertainment,1,G,high,en,2024-01-01,2026-05-01
HT001266,parenttips,Entertainment,General Entertainment,1,G,viral,en,2024-01-01,2026-05-01
HT001267,paris,Entertainment,General Entertainment,1,G,medium,en,2024-01-01,2026-05-01
HT001268,parody,Comedy,Humor & Skits,1,G,high,en,2024-01-01,2026-05-01
HT001269,partner,Entertainment,General Entertainment,1,G,high,en,2024-01-01,2026-05-01
HT001270,party,Entertainment,General Entertainment,1,G,medium,en,2024-01-01,2026-05-01
HT001271,pattaya,Entertainment,General Entertainment,1,G,high,en,2024-01-01,2026-05-01
HT001272,pattayacity,Entertainment,General Entertainment,1,G,viral,en,2024-01-01,2026-05-01
HT001273,pentagon,Entertainment,General Entertainment,1,G,high,en,2024-01-01,2026-05-01
HT001274,periodictableedit,Entertainment,General Entertainment,1,G,viral,en,2024-01-01,2026-05-01
HT001275,perritos,Entertainment,General Entertainment,1,G,high,en,2024-01-01,2026-05-01
HT001276,perro,Entertainment,General Entertainment,1,G,medium,en,2024-01-01,2026-05-01
HT001277,peterparker,Entertainment,General Entertainment,1,G,viral,en,2024-01-01,2026-05-01
HT001278,petroldieselprice,Entertainment,General Entertainment,1,G,viral,en,2024-01-01,2026-05-01
HT001279,pfy,Entertainment,General Entertainment,1,G,medium,en,2024-01-01,2026-05-01
HT001280,phd,Entertainment,General Entertainment,1,G,medium,en,2024-01-01,2026-05-01
HT001281,philcollins,Entertainment,General Entertainment,1,G,viral,en,2024-01-01,2026-05-01
HT001282,philhanley,Entertainment,General Entertainment,1,G,viral,en,2024-01-01,2026-05-01
HT001283,phonk,Entertainment,General Entertainment,1,G,medium,en,2024-01-01,2026-05-01
HT001284,physics,Science & Education,STEM & Learning,1,G,high,en,2024-01-01,2026-05-01
HT001285,physicsclass,Entertainment,General Entertainment,1,G,viral,en,2024-01-01,2026-05-01
HT001286,physicsexperiment,Entertainment,General Entertainment,1,G,viral,en,2024-01-01,2026-05-01
HT001287,physicsfacts,Entertainment,General Entertainment,1,G,viral,en,2024-01-01,2026-05-01
HT001288,physicsfun,Entertainment,General Entertainment,1,G,viral,en,2024-01-01,2026-05-01
HT001289,physicslab,Entertainment,General Entertainment,1,G,viral,en,2024-01-01,2026-05-01
HT001290,physicsmemes,Entertainment,General Entertainment,1,G,viral,en,2024-01-01,2026-05-01
HT001291,physicsmystery,Entertainment,General Entertainment,1,G,viral,en,2024-01-01,2026-05-01
HT001292,physicssphere,Entertainment,General Entertainment,1,G,viral,en,2024-01-01,2026-05-01
HT001293,physicsteacher,Entertainment,General Entertainment,1,G,viral,en,2024-01-01,2026-05-01
HT001294,physiology,Entertainment,General Entertainment,1,G,viral,en,2024-01-01,2026-05-01
HT001295,picasso,Entertainment,General Entertainment,1,G,high,en,2024-01-01,2026-05-01
HT001296,piercing,Entertainment,General Entertainment,1,G,high,en,2024-01-01,2026-05-01
HT001297,piles,Entertainment,General Entertainment,1,G,medium,en,2024-01-01,2026-05-01
HT001298,pixar,Entertainment,General Entertainment,1,G,medium,en,2024-01-01,2026-05-01
HT001299,plantbased,Entertainment,General Entertainment,1,G,viral,en,2024-01-01,2026-05-01
HT001300,playlist,Music,Audio & Performance,1,G,high,en,2024-01-01,2026-05-01
HT001301,please,Entertainment,General Entertainment,1,G,high,en,2024-01-01,2026-05-01
HT001302,please_dont_under_riview_my_video_,Entertainment,General Entertainment,1,G,viral,en,2024-01-01,2026-05-01
HT001303,plutonium,Entertainment,General Entertainment,1,G,viral,en,2024-01-01,2026-05-01
HT001304,plzunfreezemyaccount,Entertainment,General Entertainment,1,G,viral,en,2024-01-01,2026-05-01
HT001305,plzviralmypost,Entertainment,General Entertainment,1,G,viral,en,2024-01-01,2026-05-01
HT001306,plzviralvedio,Entertainment,General Entertainment,1,G,viral,en,2024-01-01,2026-05-01
HT001307,podcast,Entertainment,General Entertainment,1,G,high,en,2024-01-01,2026-05-01
HT001308,politicalanalysis,Entertainment,General Entertainment,1,G,viral,en,2024-01-01,2026-05-01
HT001309,politicaldrama,Entertainment,General Entertainment,1,G,viral,en,2024-01-01,2026-05-01
HT001310,politicalnews,Entertainment,General Entertainment,1,G,viral,en,2024-01-01,2026-05-01
HT001311,politics,News & Politics,Current Affairs,0,PG-13,high,en,2024-01-01,2026-05-01
HT001312,polymorph,Entertainment,General Entertainment,1,G,viral,en,2024-01-01,2026-05-01
HT001313,pool,Entertainment,General Entertainment,1,G,medium,en,2024-01-01,2026-05-01
HT001314,poprock,Entertainment,General Entertainment,1,G,high,en,2024-01-01,2026-05-01
HT001315,popular,Entertainment,General Entertainment,1,G,high,en,2024-01-01,2026-05-01
HT001316,popularscience,Entertainment,General Entertainment,1,G,viral,en,2024-01-01,2026-05-01
HT001317,posing,Entertainment,General Entertainment,1,G,high,en,2024-01-01,2026-05-01
HT001318,poslednizvoneni,Entertainment,General Entertainment,1,G,viral,en,2024-01-01,2026-05-01
HT001319,potassium,Entertainment,General Entertainment,1,G,viral,en,2024-01-01,2026-05-01
HT001320,pourtoi,Entertainment,General Entertainment,1,G,high,en,2024-01-01,2026-05-01
HT001321,pousoalegre,Entertainment,General Entertainment,1,G,viral,en,2024-01-01,2026-05-01
HT001322,pousoalegre24horas,Entertainment,General Entertainment,1,G,viral,en,2024-01-01,2026-05-01
HT001323,pov,Entertainment,General Entertainment,1,G,medium,en,2024-01-01,2026-05-01
HT001324,powerful,Entertainment,General Entertainment,1,G,high,en,2024-01-01,2026-05-01
HT001325,powershift,Entertainment,General Entertainment,1,G,viral,en,2024-01-01,2026-05-01
HT001326,pppppppppppppppp,Entertainment,General Entertainment,1,G,viral,en,2024-01-01,2026-05-01
HT001327,ppppppppppppppppppppppp,Entertainment,General Entertainment,1,G,viral,en,2024-01-01,2026-05-01
HT001328,prank,Entertainment,General Entertainment,1,G,medium,en,2024-01-01,2026-05-01
HT001329,prawo,Entertainment,General Entertainment,1,G,medium,en,2024-01-01,2026-05-01
HT001330,presssecretary,Entertainment,General Entertainment,1,G,viral,en,2024-01-01,2026-05-01
HT001331,pretty,Entertainment,General Entertainment,1,G,high,en,2024-01-01,2026-05-01
HT001332,prison,Entertainment,General Entertainment,1,G,high,en,2024-01-01,2026-05-01
HT001333,prisontime,Entertainment,General Entertainment,1,G,viral,en,2024-01-01,2026-05-01
HT001334,progressive,Entertainment,General Entertainment,1,G,viral,en,2024-01-01,2026-05-01
HT001335,projecthailmary,Entertainment,General Entertainment,1,G,viral,en,2024-01-01,2026-05-01
HT001336,prom,Entertainment,General Entertainment,1,G,medium,en,2024-01-01,2026-05-01
HT001337,prometheanupdates,Entertainment,General Entertainment,1,G,viral,en,2024-01-01,2026-05-01
HT001338,protein,Entertainment,General Entertainment,1,G,high,en,2024-01-01,2026-05-01
HT001339,psychology,Entertainment,General Entertainment,1,G,viral,en,2024-01-01,2026-05-01
HT001340,psychologyfacts,Entertainment,General Entertainment,1,G,viral,en,2024-01-01,2026-05-01
HT001341,psychologyhack,Entertainment,General Entertainment,1,G,viral,en,2024-01-01,2026-05-01
HT001342,publicsafety,Entertainment,General Entertainment,1,G,viral,en,2024-01-01,2026-05-01
HT001343,pukanacua,Entertainment,General Entertainment,1,G,viral,en,2024-01-01,2026-05-01
HT001344,pukanacuaformvp,Entertainment,General Entertainment,1,G,viral,en,2024-01-01,2026-05-01
HT001345,puns,Entertainment,General Entertainment,1,G,medium,en,2024-01-01,2026-05-01
HT001346,purlove,Entertainment,General Entertainment,1,G,high,en,2024-01-01,2026-05-01
HT001347,putin,Entertainment,General Entertainment,1,G,medium,en,2024-01-01,2026-05-01
HT001348,putthephonedown,Entertainment,General Entertainment,1,G,viral,en,2024-01-01,2026-05-01
HT001349,quail,Entertainment,General Entertainment,1,G,medium,en,2024-01-01,2026-05-01
HT001350,quantummechanicspov,Entertainment,General Entertainment,1,G,viral,en,2024-01-01,2026-05-01
HT001351,quantumphysics,Entertainment,General Entertainment,1,G,viral,en,2024-01-01,2026-05-01
HT001352,quantumtruth,Entertainment,General Entertainment,1,G,viral,en,2024-01-01,2026-05-01
HT001353,question,Entertainment,General Entertainment,1,G,high,en,2024-01-01,2026-05-01
HT001354,questions,Entertainment,General Entertainment,1,G,viral,en,2024-01-01,2026-05-01
HT001355,quiz,Entertainment,General Entertainment,1,G,medium,en,2024-01-01,2026-05-01
HT001356,quiztime,Entertainment,General Entertainment,1,G,high,en,2024-01-01,2026-05-01
HT001357,rabiesawareness,Entertainment,General Entertainment,1,G,viral,en,2024-01-01,2026-05-01
HT001358,radiation,Entertainment,General Entertainment,1,G,viral,en,2024-01-01,2026-05-01
HT001359,rahtitouillee,Entertainment,General Entertainment,1,G,viral,en,2024-01-01,2026-05-01
HT001360,raindance,Entertainment,General Entertainment,1,G,viral,en,2024-01-01,2026-05-01
HT001361,raja,Entertainment,General Entertainment,1,G,medium,en,2024-01-01,2026-05-01
HT001362,ranking,Entertainment,General Entertainment,1,G,high,en,2024-01-01,2026-05-01
HT001363,rap,Music,Audio & Performance,1,G,medium,en,2024-01-01,2026-05-01
HT001364,rapmusic,Entertainment,General Entertainment,1,G,high,en,2024-01-01,2026-05-01
HT001365,real,Entertainment,General Entertainment,1,G,medium,en,2024-01-01,2026-05-01
HT001366,realstory,Entertainment,General Entertainment,1,G,viral,en,2024-01-01,2026-05-01
HT001367,receptionist,Entertainment,General Entertainment,1,G,viral,en,2024-01-01,2026-05-01
HT001368,recomendation,Entertainment,General Entertainment,1,G,viral,en,2024-01-01,2026-05-01
HT001369,recommendation,Entertainment,General Entertainment,1,G,viral,en,2024-01-01,2026-05-01
HT001370,recommendations,Entertainment,General Entertainment,1,G,viral,en,2024-01-01,2026-05-01
HT001371,recommended,Entertainment,General Entertainment,1,G,viral,en,2024-01-01,2026-05-01
HT001372,redistricting,Entertainment,General Entertainment,1,G,viral,en,2024-01-01,2026-05-01
HT001373,redlighttherapy,Entertainment,General Entertainment,1,G,viral,en,2024-01-01,2026-05-01
HT001374,reels,Entertainment,General Entertainment,1,G,medium,en,2024-01-01,2026-05-01
HT001375,reggaeton,Entertainment,General Entertainment,1,G,viral,en,2024-01-01,2026-05-01
HT001376,rek,Entertainment,General Entertainment,1,G,medium,en,2024-01-01,2026-05-01
HT001377,relatable,Entertainment,General Entertainment,1,G,viral,en,2024-01-01,2026-05-01
HT001378,relatablepost,Entertainment,General Entertainment,1,G,viral,en,2024-01-01,2026-05-01
HT001379,relateable,Entertainment,General Entertainment,1,G,viral,en,2024-01-01,2026-05-01
HT001380,relationship,Entertainment,General Entertainment,1,G,viral,en,2024-01-01,2026-05-01
HT001381,relationshipgoals,Entertainment,General Entertainment,1,G,viral,en,2024-01-01,2026-05-01
HT001382,relationships,Entertainment,General Entertainment,1,G,viral,en,2024-01-01,2026-05-01
HT001383,relationshiptips,Entertainment,General Entertainment,1,G,viral,en,2024-01-01,2026-05-01
HT001384,relationsship,Entertainment,General Entertainment,1,G,viral,en,2024-01-01,2026-05-01
HT001385,religion,Entertainment,General Entertainment,1,G,high,en,2024-01-01,2026-05-01
HT001386,repe,Entertainment,General Entertainment,1,G,medium,en,2024-01-01,2026-05-01
HT001387,reporteronduty,Entertainment,General Entertainment,1,G,viral,en,2024-01-01,2026-05-01
HT001388,repost,Entertainment,General Entertainment,1,G,high,en,2024-01-01,2026-05-01
HT001389,reproductivehealth,Entertainment,General Entertainment,1,G,viral,en,2024-01-01,2026-05-01
HT001390,reptiles,Entertainment,General Entertainment,1,G,high,en,2024-01-01,2026-05-01
HT001391,research,Science & Education,STEM & Learning,1,G,high,en,2024-01-01,2026-05-01
HT001392,respect,Entertainment,General Entertainment,1,G,high,en,2024-01-01,2026-05-01
HT001393,retinol,Entertainment,General Entertainment,1,G,high,en,2024-01-01,2026-05-01
HT001394,retrohits,Entertainment,General Entertainment,1,G,viral,en,2024-01-01,2026-05-01
HT001395,ribosomes,Entertainment,General Entertainment,1,G,viral,en,2024-01-01,2026-05-01
HT001396,rice,Entertainment,General Entertainment,1,G,medium,en,2024-01-01,2026-05-01
HT001397,ricemask,Entertainment,General Entertainment,1,G,high,en,2024-01-01,2026-05-01
HT001398,ricksanchez,Entertainment,General Entertainment,1,G,viral,en,2024-01-01,2026-05-01
HT001399,riggyg,Entertainment,General Entertainment,1,G,high,en,2024-01-01,2026-05-01
HT001400,rihanna,Entertainment,General Entertainment,1,G,high,en,2024-01-01,2026-05-01
HT001401,riparium,Entertainment,General Entertainment,1,G,high,en,2024-01-01,2026-05-01
HT001402,riskitall,Entertainment,General Entertainment,1,G,viral,en,2024-01-01,2026-05-01
HT001403,ritonavir,Entertainment,General Entertainment,1,G,viral,en,2024-01-01,2026-05-01
HT001404,riverdale,Entertainment,General Entertainment,1,G,viral,en,2024-01-01,2026-05-01
HT001405,rizz,Entertainment,General Entertainment,1,G,medium,en,2024-01-01,2026-05-01
HT001406,rizzler,Entertainment,General Entertainment,1,G,high,en,2024-01-01,2026-05-01
HT001407,rnbmusic,Entertainment,General Entertainment,1,G,high,en,2024-01-01,2026-05-01
HT001408,robertdowneyjr,Entertainment,General Entertainment,1,G,viral,en,2024-01-01,2026-05-01
HT001409,roblox,Gaming,Digital Entertainment,1,G,high,en,2024-01-01,2026-05-01
HT001410,robloxfyp,Entertainment,General Entertainment,1,G,viral,en,2024-01-01,2026-05-01
HT001411,robloxvc,Entertainment,General Entertainment,1,G,high,en,2024-01-01,2026-05-01
HT001412,robot,Technology,Innovation & Tech,1,G,medium,en,2024-01-01,2026-05-01
HT001413,robotvibes,Entertainment,General Entertainment,1,G,viral,en,2024-01-01,2026-05-01
HT001414,rock,Entertainment,General Entertainment,1,G,medium,en,2024-01-01,2026-05-01
HT001415,rockmusic,Entertainment,General Entertainment,1,G,viral,en,2024-01-01,2026-05-01
HT001416,rocks,Entertainment,General Entertainment,1,G,medium,en,2024-01-01,2026-05-01
HT001417,rocktok,Entertainment,General Entertainment,1,G,high,en,2024-01-01,2026-05-01
HT001418,romania,Entertainment,General Entertainment,1,G,high,en,2024-01-01,2026-05-01
HT001419,rowwily,Entertainment,General Entertainment,1,G,high,en,2024-01-01,2026-05-01
HT001420,rubberbandligation,Entertainment,General Entertainment,1,G,viral,en,2024-01-01,2026-05-01
HT001421,rumoresdepoder,Entertainment,General Entertainment,1,G,viral,en,2024-01-01,2026-05-01
HT001422,russ,Entertainment,General Entertainment,1,G,medium,en,2024-01-01,2026-05-01
HT001423,russia,Entertainment,General Entertainment,1,G,high,en,2024-01-01,2026-05-01
HT001424,s6turn9,Entertainment,General Entertainment,1,G,high,en,2024-01-01,2026-05-01
HT001425,safecontent,Entertainment,General Entertainment,1,G,viral,en,2024-01-01,2026-05-01
HT001426,sakarghar,Entertainment,General Entertainment,1,G,viral,en,2024-01-01,2026-05-01
HT001427,salt,Entertainment,General Entertainment,1,G,medium,en,2024-01-01,2026-05-01
HT001428,sarahhesterross,Entertainment,General Entertainment,1,G,viral,en,2024-01-01,2026-05-01
HT001429,satisfying,Entertainment,General Entertainment,1,G,viral,en,2024-01-01,2026-05-01
HT001430,satisfyingsounds,Entertainment,General Entertainment,1,G,viral,en,2024-01-01,2026-05-01
HT001431,satisfyingvideo,Entertainment,General Entertainment,1,G,viral,en,2024-01-01,2026-05-01
HT001432,satisfyingvideos,Entertainment,General Entertainment,1,G,viral,en,2024-01-01,2026-05-01
HT001433,savannahbananas,Entertainment,General Entertainment,1,G,viral,en,2024-01-01,2026-05-01
HT001434,savepakistan,Entertainment,General Entertainment,1,G,viral,en,2024-01-01,2026-05-01
HT001435,savi,Entertainment,General Entertainment,1,G,medium,en,2024-01-01,2026-05-01
HT001436,scale,Entertainment,General Entertainment,1,G,medium,en,2024-01-01,2026-05-01
HT001437,scandinavia,Entertainment,General Entertainment,1,G,viral,en,2024-01-01,2026-05-01
HT001438,scary,Entertainment,General Entertainment,1,G,medium,en,2024-01-01,2026-05-01
HT001439,scenery,Entertainment,General Entertainment,1,G,high,en,2024-01-01,2026-05-01
HT001440,schlickcomedy,Entertainment,General Entertainment,1,G,viral,en,2024-01-01,2026-05-01
HT001441,school,Entertainment,General Entertainment,1,G,high,en,2024-01-01,2026-05-01
HT001442,scienc,Entertainment,General Entertainment,1,G,high,en,2024-01-01,2026-05-01
HT001443,science,Science & Education,STEM & Learning,1,G,high,en,2024-01-01,2026-05-01
HT001444,scienceclass,Entertainment,General Entertainment,1,G,viral,en,2024-01-01,2026-05-01
HT001445,sciencecraft,Entertainment,General Entertainment,1,G,viral,en,2024-01-01,2026-05-01
HT001446,sciencediscoveries,Entertainment,General Entertainment,1,G,viral,en,2024-01-01,2026-05-01
HT001447,scienceeducation,Entertainment,General Entertainment,1,G,viral,en,2024-01-01,2026-05-01
HT001448,scienceexperiment,Entertainment,General Entertainment,1,G,viral,en,2024-01-01,2026-05-01
HT001449,scienceexperiments,Entertainment,General Entertainment,1,G,viral,en,2024-01-01,2026-05-01
HT001450,scienceexplain,Entertainment,General Entertainment,1,G,viral,en,2024-01-01,2026-05-01
HT001451,sciencefacts,Entertainment,General Entertainment,1,G,viral,en,2024-01-01,2026-05-01
HT001452,scienceforkids,Entertainment,General Entertainment,1,G,viral,en,2024-01-01,2026-05-01
HT001453,scienceiscool,Entertainment,General Entertainment,1,G,viral,en,2024-01-01,2026-05-01
HT001454,scienceismagic,Entertainment,General Entertainment,1,G,viral,en,2024-01-01,2026-05-01
HT001455,scienceisreal,Entertainment,General Entertainment,1,G,viral,en,2024-01-01,2026-05-01
HT001456,sciencememes,Entertainment,General Entertainment,1,G,viral,en,2024-01-01,2026-05-01
HT001457,sciencemoment,Entertainment,General Entertainment,1,G,viral,en,2024-01-01,2026-05-01
HT001458,sciencenews,Entertainment,General Entertainment,1,G,viral,en,2024-01-01,2026-05-01
HT001459,sciencepopularization,Entertainment,General Entertainment,1,G,viral,en,2024-01-01,2026-05-01
HT001460,sciencequiz,Entertainment,General Entertainment,1,G,viral,en,2024-01-01,2026-05-01
HT001461,sciencetok,Entertainment,General Entertainment,1,G,viral,en,2024-01-01,2026-05-01
HT001462,scieneers,Entertainment,General Entertainment,1,G,viral,en,2024-01-01,2026-05-01
HT001463,scientificfacts,Entertainment,General Entertainment,1,G,viral,en,2024-01-01,2026-05-01
HT001464,scientist,Science & Education,STEM & Learning,1,G,viral,en,2024-01-01,2026-05-01
HT001465,scitok,Entertainment,General Entertainment,1,G,high,en,2024-01-01,2026-05-01
HT001466,scixlab,Entertainment,General Entertainment,1,G,high,en,2024-01-01,2026-05-01
HT001467,screamsinbiology,Entertainment,General Entertainment,1,G,viral,en,2024-01-01,2026-05-01
HT001468,seafoodboil,Entertainment,General Entertainment,1,G,viral,en,2024-01-01,2026-05-01
HT001469,seattle,Entertainment,General Entertainment,1,G,high,en,2024-01-01,2026-05-01
HT001470,segunquien,Entertainment,General Entertainment,1,G,viral,en,2024-01-01,2026-05-01
HT001471,seguridadnacional,Entertainment,General Entertainment,1,G,viral,en,2024-01-01,2026-05-01
HT001472,selfaware,Entertainment,General Entertainment,1,G,viral,en,2024-01-01,2026-05-01
HT001473,selfimprovement,Entertainment,General Entertainment,1,G,viral,en,2024-01-01,2026-05-01
HT001474,selingkuh,Entertainment,General Entertainment,1,G,viral,en,2024-01-01,2026-05-01
HT001475,sentencing,Entertainment,General Entertainment,1,G,viral,en,2024-01-01,2026-05-01
HT001476,server,Entertainment,General Entertainment,1,G,high,en,2024-01-01,2026-05-01
HT001477,shakeit,Entertainment,General Entertainment,1,G,high,en,2024-01-01,2026-05-01
HT001478,shakira,Entertainment,General Entertainment,1,G,high,en,2024-01-01,2026-05-01
HT001479,shampoo,Entertainment,General Entertainment,1,G,high,en,2024-01-01,2026-05-01
HT001480,shanegillis,Entertainment,General Entertainment,1,G,viral,en,2024-01-01,2026-05-01
HT001481,share,Entertainment,General Entertainment,1,G,medium,en,2024-01-01,2026-05-01
HT001482,shiseidohairmask,Entertainment,General Entertainment,1,G,viral,en,2024-01-01,2026-05-01
HT001483,shock,Entertainment,General Entertainment,1,G,medium,en,2024-01-01,2026-05-01
HT001484,shocked,Entertainment,General Entertainment,1,G,high,en,2024-01-01,2026-05-01
HT001485,shopping,Entertainment,General Entertainment,1,G,high,en,2024-01-01,2026-05-01
HT001486,shorts,Entertainment,General Entertainment,1,G,high,en,2024-01-01,2026-05-01
HT001487,shortsamerica,Entertainment,General Entertainment,1,G,viral,en,2024-01-01,2026-05-01
HT001488,shortsbangladesh,Entertainment,General Entertainment,1,G,viral,en,2024-01-01,2026-05-01
HT001489,shortsbrazil,Entertainment,General Entertainment,1,G,viral,en,2024-01-01,2026-05-01
HT001490,shortscomedy,Entertainment,General Entertainment,1,G,viral,en,2024-01-01,2026-05-01
HT001491,shortsfeed,Entertainment,General Entertainment,1,G,viral,en,2024-01-01,2026-05-01
HT001492,shortsfrance,Entertainment,General Entertainment,1,G,viral,en,2024-01-01,2026-05-01
HT001493,shortsgermany,Entertainment,General Entertainment,1,G,viral,en,2024-01-01,2026-05-01
HT001494,shortsindia,Entertainment,General Entertainment,1,G,viral,en,2024-01-01,2026-05-01
HT001495,shortsindonesia,Entertainment,General Entertainment,1,G,viral,en,2024-01-01,2026-05-01
HT001496,shortsjapan,Entertainment,General Entertainment,1,G,viral,en,2024-01-01,2026-05-01
HT001497,shortslaugh,Entertainment,General Entertainment,1,G,viral,en,2024-01-01,2026-05-01
HT001498,shortsmyanmar,Entertainment,General Entertainment,1,G,viral,en,2024-01-01,2026-05-01
HT001499,shortsnepal,Entertainment,General Entertainment,1,G,viral,en,2024-01-01,2026-05-01
HT001500,shortspakistan,Entertainment,General Entertainment,1,G,viral,en,2024-01-01,2026-05-01
HT001501,shortsparody,Entertainment,General Entertainment,1,G,viral,en,2024-01-01,2026-05-01
HT001502,shortsphilippines,Entertainment,General Entertainment,1,G,viral,en,2024-01-01,2026-05-01
HT001503,shortsrussia,Entertainment,General Entertainment,1,G,viral,en,2024-01-01,2026-05-01
HT001504,shortssaudiarabia,Entertainment,General Entertainment,1,G,viral,en,2024-01-01,2026-05-01
HT001505,shortstory,Entertainment,General Entertainment,1,G,viral,en,2024-01-01,2026-05-01
HT001506,shortsuae,Entertainment,General Entertainment,1,G,viral,en,2024-01-01,2026-05-01
HT001507,shortsunitedstates,Entertainment,General Entertainment,1,G,viral,en,2024-01-01,2026-05-01
HT001508,shortsuzbekistan,Entertainment,General Entertainment,1,G,viral,en,2024-01-01,2026-05-01
HT001509,shortsvietnam,Entertainment,General Entertainment,1,G,viral,en,2024-01-01,2026-05-01
HT001510,shoting,Entertainment,General Entertainment,1,G,high,en,2024-01-01,2026-05-01
HT001511,siblings,Entertainment,General Entertainment,1,G,high,en,2024-01-01,2026-05-01
HT001512,siddiq,Entertainment,General Entertainment,1,G,high,en,2024-01-01,2026-05-01
HT001513,sideeye,Entertainment,General Entertainment,1,G,high,en,2024-01-01,2026-05-01
HT001514,silabkitabahi,Entertainment,General Entertainment,1,G,viral,en,2024-01-01,2026-05-01
HT001515,sindhuvee,Entertainment,General Entertainment,1,G,viral,en,2024-01-01,2026-05-01
HT001516,singing,Entertainment,General Entertainment,1,G,high,en,2024-01-01,2026-05-01
HT001517,sinullesivu,Entertainment,General Entertainment,1,G,viral,en,2024-01-01,2026-05-01
HT001518,sisters,Entertainment,General Entertainment,1,G,high,en,2024-01-01,2026-05-01
HT001519,skeleton,Entertainment,General Entertainment,1,G,high,en,2024-01-01,2026-05-01
HT001520,sketch,Entertainment,General Entertainment,1,G,high,en,2024-01-01,2026-05-01
HT001521,sketchcomedy,Entertainment,General Entertainment,1,G,viral,en,2024-01-01,2026-05-01
HT001522,skin,Entertainment,General Entertainment,1,G,medium,en,2024-01-01,2026-05-01
HT001523,skincare,Beauty & Fashion,Lifestyle & Style,1,G,high,en,2024-01-01,2026-05-01
HT001524,skit,Comedy,Humor & Skits,1,G,medium,en,2024-01-01,2026-05-01
HT001525,skits,Entertainment,General Entertainment,1,G,medium,en,2024-01-01,2026-05-01
HT001526,skyeye13,Entertainment,General Entertainment,1,G,high,en,2024-01-01,2026-05-01
HT001527,sleep,Entertainment,General Entertainment,1,G,medium,en,2024-01-01,2026-05-01
HT001528,sleepyhallow,Entertainment,General Entertainment,1,G,viral,en,2024-01-01,2026-05-01
HT001529,slideshow,Entertainment,General Entertainment,1,G,viral,en,2024-01-01,2026-05-01
HT001530,slowed,Entertainment,General Entertainment,1,G,high,en,2024-01-01,2026-05-01
HT001531,slowedsongs,Entertainment,General Entertainment,1,G,viral,en,2024-01-01,2026-05-01
HT001532,smartbot,Entertainment,General Entertainment,1,G,high,en,2024-01-01,2026-05-01
HT001533,smell,Entertainment,General Entertainment,1,G,medium,en,2024-01-01,2026-05-01
HT001534,smino,Entertainment,General Entertainment,1,G,medium,en,2024-01-01,2026-05-01
HT001535,smoothoperator,Entertainment,General Entertainment,1,G,viral,en,2024-01-01,2026-05-01
HT001536,snacks,Entertainment,General Entertainment,1,G,high,en,2024-01-01,2026-05-01
HT001537,snake,Entertainment,General Entertainment,1,G,medium,en,2024-01-01,2026-05-01
HT001538,snow,Entertainment,General Entertainment,1,G,medium,en,2024-01-01,2026-05-01
HT001539,socialhuntsmanspider,Entertainment,General Entertainment,1,G,viral,en,2024-01-01,2026-05-01
HT001540,socialmedia,Entertainment,General Entertainment,1,G,viral,en,2024-01-01,2026-05-01
HT001541,society,Entertainment,General Entertainment,1,G,high,en,2024-01-01,2026-05-01
HT001542,socrates,Entertainment,General Entertainment,1,G,high,en,2024-01-01,2026-05-01
HT001543,solar,Entertainment,General Entertainment,1,G,medium,en,2024-01-01,2026-05-01
HT001544,solodance,Entertainment,General Entertainment,1,G,viral,en,2024-01-01,2026-05-01
HT001545,son,Entertainment,General Entertainment,1,G,medium,en,2024-01-01,2026-05-01
HT001546,sona,Entertainment,General Entertainment,1,G,medium,en,2024-01-01,2026-05-01
HT001547,song,Music,Audio & Performance,1,G,medium,en,2024-01-01,2026-05-01
HT001548,songlyrics,Entertainment,General Entertainment,1,G,viral,en,2024-01-01,2026-05-01
HT001549,songoftheday,Entertainment,General Entertainment,1,G,viral,en,2024-01-01,2026-05-01
HT001550,songofthesummer,Entertainment,General Entertainment,1,G,viral,en,2024-01-01,2026-05-01
HT001551,songs,Entertainment,General Entertainment,1,G,medium,en,2024-01-01,2026-05-01
HT001552,soprtme,Entertainment,General Entertainment,1,G,high,en,2024-01-01,2026-05-01
HT001553,sorry,Entertainment,General Entertainment,1,G,medium,en,2024-01-01,2026-05-01
HT001554,sound,Entertainment,General Entertainment,1,G,medium,en,2024-01-01,2026-05-01
HT001555,south,Entertainment,General Entertainment,1,G,medium,en,2024-01-01,2026-05-01
HT001556,southafrica,Entertainment,General Entertainment,1,G,viral,en,2024-01-01,2026-05-01
HT001557,southernaccent,Entertainment,General Entertainment,1,G,viral,en,2024-01-01,2026-05-01
HT001558,space,Science & Education,STEM & Learning,1,G,medium,en,2024-01-01,2026-05-01
HT001559,spaceforcewalk,Entertainment,General Entertainment,1,G,viral,en,2024-01-01,2026-05-01
HT001560,spacesheield,Entertainment,General Entertainment,1,G,viral,en,2024-01-01,2026-05-01
HT001561,spacetime,Entertainment,General Entertainment,1,G,viral,en,2024-01-01,2026-05-01
HT001562,spam,Entertainment,General Entertainment,1,G,medium,en,2024-01-01,2026-05-01
HT001563,sparassidae,Entertainment,General Entertainment,1,G,viral,en,2024-01-01,2026-05-01
HT001564,specialneeds,Entertainment,General Entertainment,1,G,viral,en,2024-01-01,2026-05-01
HT001565,specialneedsibling,Entertainment,General Entertainment,1,G,viral,en,2024-01-01,2026-05-01
HT001566,spider,Entertainment,General Entertainment,1,G,high,en,2024-01-01,2026-05-01
HT001567,spiderman,Entertainment,General Entertainment,1,G,viral,en,2024-01-01,2026-05-01
HT001568,spidermannowayhome,Entertainment,General Entertainment,1,G,viral,en,2024-01-01,2026-05-01
HT001569,spiders,Entertainment,General Entertainment,1,G,high,en,2024-01-01,2026-05-01
HT001570,spiderverse,Entertainment,General Entertainment,1,G,viral,en,2024-01-01,2026-05-01
HT001571,spine,Entertainment,General Entertainment,1,G,medium,en,2024-01-01,2026-05-01
HT001572,spinosaurus,Entertainment,General Entertainment,1,G,viral,en,2024-01-01,2026-05-01
HT001573,springbreak,Entertainment,General Entertainment,1,G,viral,en,2024-01-01,2026-05-01
HT001574,standup,Comedy,Humor & Skits,1,G,high,en,2024-01-01,2026-05-01
HT001575,standupcomedian,Entertainment,General Entertainment,1,G,viral,en,2024-01-01,2026-05-01
HT001576,standupcomedy,Entertainment,General Entertainment,1,G,viral,en,2024-01-01,2026-05-01
HT001577,standupsundays,Entertainment,General Entertainment,1,G,viral,en,2024-01-01,2026-05-01
HT001578,standwithkashmir,Entertainment,General Entertainment,1,G,viral,en,2024-01-01,2026-05-01
HT001579,stanlee,Entertainment,General Entertainment,1,G,high,en,2024-01-01,2026-05-01
HT001580,starfish,Entertainment,General Entertainment,1,G,high,en,2024-01-01,2026-05-01
HT001581,starwars,Entertainment,General Entertainment,1,G,high,en,2024-01-01,2026-05-01
HT001582,stateside,Entertainment,General Entertainment,1,G,viral,en,2024-01-01,2026-05-01
HT001583,stem,Science & Education,STEM & Learning,1,G,medium,en,2024-01-01,2026-05-01
HT001584,stemactivities,Entertainment,General Entertainment,1,G,viral,en,2024-01-01,2026-05-01
HT001585,stemfun,Entertainment,General Entertainment,1,G,high,en,2024-01-01,2026-05-01
HT001586,steminist,Entertainment,General Entertainment,1,G,viral,en,2024-01-01,2026-05-01
HT001587,stemlife,Entertainment,General Entertainment,1,G,high,en,2024-01-01,2026-05-01
HT001588,stemtok,Entertainment,General Entertainment,1,G,high,en,2024-01-01,2026-05-01
HT001589,stevebyrne,Entertainment,General Entertainment,1,G,viral,en,2024-01-01,2026-05-01
HT001590,stevetrevino,Entertainment,General Entertainment,1,G,viral,en,2024-01-01,2026-05-01
HT001591,stitch,Entertainment,General Entertainment,1,G,high,en,2024-01-01,2026-05-01
HT001592,storm,Entertainment,General Entertainment,1,G,medium,en,2024-01-01,2026-05-01
HT001593,storytime,Entertainment,General Entertainment,1,G,viral,en,2024-01-01,2026-05-01
HT001594,strangerthings,Entertainment,General Entertainment,1,G,viral,en,2024-01-01,2026-05-01
HT001595,strangerthingsseason5,Entertainment,General Entertainment,1,G,viral,en,2024-01-01,2026-05-01
HT001596,strategicanalysis,Entertainment,General Entertainment,1,G,viral,en,2024-01-01,2026-05-01
HT001597,streamer,Gaming,Digital Entertainment,1,G,high,en,2024-01-01,2026-05-01
HT001598,street,Entertainment,General Entertainment,1,G,high,en,2024-01-01,2026-05-01
HT001599,stretch,Entertainment,General Entertainment,1,G,high,en,2024-01-01,2026-05-01
HT001600,study,Entertainment,General Entertainment,1,G,medium,en,2024-01-01,2026-05-01
HT001601,stylish,Entertainment,General Entertainment,1,G,high,en,2024-01-01,2026-05-01
HT001602,sugaronmytongue,Entertainment,General Entertainment,1,G,viral,en,2024-01-01,2026-05-01
HT001603,sulphuricacid,Entertainment,General Entertainment,1,G,viral,en,2024-01-01,2026-05-01
HT001604,summer,Entertainment,General Entertainment,1,G,high,en,2024-01-01,2026-05-01
HT001605,summervibe,Entertainment,General Entertainment,1,G,viral,en,2024-01-01,2026-05-01
HT001606,sun,Entertainment,General Entertainment,1,G,medium,en,2024-01-01,2026-05-01
HT001607,sunkissed,Entertainment,General Entertainment,1,G,viral,en,2024-01-01,2026-05-01
HT001608,sunrise,Entertainment,General Entertainment,1,G,high,en,2024-01-01,2026-05-01
HT001609,sunsafe,Entertainment,General Entertainment,1,G,high,en,2024-01-01,2026-05-01
HT001610,sunset,Entertainment,General Entertainment,1,G,high,en,2024-01-01,2026-05-01
HT001611,sunsmart,Entertainment,General Entertainment,1,G,high,en,2024-01-01,2026-05-01
HT001612,suomitiktok,Entertainment,General Entertainment,1,G,viral,en,2024-01-01,2026-05-01
HT001613,super,Entertainment,General Entertainment,1,G,medium,en,2024-01-01,2026-05-01
HT001614,superhero,Entertainment,General Entertainment,1,G,viral,en,2024-01-01,2026-05-01
HT001615,support,Entertainment,General Entertainment,1,G,high,en,2024-01-01,2026-05-01
HT001616,survivor,Entertainment,General Entertainment,1,G,high,en,2024-01-01,2026-05-01
HT001617,swang,Entertainment,General Entertainment,1,G,medium,en,2024-01-01,2026-05-01
HT001618,sydneynews,Entertainment,General Entertainment,1,G,viral,en,2024-01-01,2026-05-01
HT001619,syrianpsycho,Entertainment,General Entertainment,1,G,viral,en,2024-01-01,2026-05-01
HT001620,taimoor,Entertainment,General Entertainment,1,G,high,en,2024-01-01,2026-05-01
HT001621,tameimpala,Entertainment,General Entertainment,1,G,viral,en,2024-01-01,2026-05-01
HT001622,tan,Entertainment,General Entertainment,1,G,medium,en,2024-01-01,2026-05-01
HT001623,tanghulu,Entertainment,General Entertainment,1,G,high,en,2024-01-01,2026-05-01
HT001624,tanghuluasmr,Entertainment,General Entertainment,1,G,viral,en,2024-01-01,2026-05-01
HT001625,tanghulueating,Entertainment,General Entertainment,1,G,viral,en,2024-01-01,2026-05-01
HT001626,tanghulufruit,Entertainment,General Entertainment,1,G,viral,en,2024-01-01,2026-05-01
HT001627,tanghulufruits,Entertainment,General Entertainment,1,G,viral,en,2024-01-01,2026-05-01
HT001628,tanghulumaster,Entertainment,General Entertainment,1,G,viral,en,2024-01-01,2026-05-01
HT001629,tanghulumukbang,Entertainment,General Entertainment,1,G,viral,en,2024-01-01,2026-05-01
HT001630,tanning,Entertainment,General Entertainment,1,G,high,en,2024-01-01,2026-05-01
HT001631,tastetest,Entertainment,General Entertainment,1,G,viral,en,2024-01-01,2026-05-01
HT001632,tball,Entertainment,General Entertainment,1,G,medium,en,2024-01-01,2026-05-01
HT001633,tea,Entertainment,General Entertainment,1,G,medium,en,2024-01-01,2026-05-01
HT001634,teacher,Entertainment,General Entertainment,1,G,high,en,2024-01-01,2026-05-01
HT001635,teacherlife,Entertainment,General Entertainment,1,G,viral,en,2024-01-01,2026-05-01
HT001636,techmagic,Entertainment,General Entertainment,1,G,viral,en,2024-01-01,2026-05-01
HT001637,technology,Science & Education,STEM & Learning,1,G,viral,en,2024-01-01,2026-05-01
HT001638,techtok,Entertainment,General Entertainment,1,G,high,en,2024-01-01,2026-05-01
HT001639,teenmom,Entertainment,General Entertainment,1,G,high,en,2024-01-01,2026-05-01
HT001640,tellonme,Entertainment,General Entertainment,1,G,high,en,2024-01-01,2026-05-01
HT001641,tempercity,Entertainment,General Entertainment,1,G,viral,en,2024-01-01,2026-05-01
HT001642,thailand,Entertainment,General Entertainment,1,G,high,en,2024-01-01,2026-05-01
HT001643,thank4youdo,Entertainment,General Entertainment,1,G,viral,en,2024-01-01,2026-05-01
HT001644,thanos,Entertainment,General Entertainment,1,G,high,en,2024-01-01,2026-05-01
HT001645,theblackeyedpeas,Entertainment,General Entertainment,1,G,viral,en,2024-01-01,2026-05-01
HT001646,thelastday,Entertainment,General Entertainment,1,G,viral,en,2024-01-01,2026-05-01
HT001647,theo,Entertainment,General Entertainment,1,G,medium,en,2024-01-01,2026-05-01
HT001648,theonethatgotaway,Entertainment,General Entertainment,1,G,viral,en,2024-01-01,2026-05-01
HT001649,theovon,Entertainment,General Entertainment,1,G,high,en,2024-01-01,2026-05-01
HT001650,therizzler,Entertainment,General Entertainment,1,G,viral,en,2024-01-01,2026-05-01
HT001651,theromanoreport,Entertainment,General Entertainment,1,G,viral,en,2024-01-01,2026-05-01
HT001652,thesmiths,Entertainment,General Entertainment,1,G,viral,en,2024-01-01,2026-05-01
HT001653,thespindoctors,Entertainment,General Entertainment,1,G,viral,en,2024-01-01,2026-05-01
HT001654,thestoryofflorah,Entertainment,General Entertainment,1,G,viral,en,2024-01-01,2026-05-01
HT001655,theweeknd,Entertainment,General Entertainment,1,G,viral,en,2024-01-01,2026-05-01
HT001656,theydidthemath,Entertainment,General Entertainment,1,G,viral,en,2024-01-01,2026-05-01
HT001657,thinking,Entertainment,General Entertainment,1,G,high,en,2024-01-01,2026-05-01
HT001658,thispastweekend,Entertainment,General Entertainment,1,G,viral,en,2024-01-01,2026-05-01
HT001659,thor,Entertainment,General Entertainment,1,G,medium,en,2024-01-01,2026-05-01
HT001660,throwback,Entertainment,General Entertainment,1,G,viral,en,2024-01-01,2026-05-01
HT001661,ti,Entertainment,General Entertainment,1,G,low,en,2024-01-01,2026-05-01
HT001662,tiagz,Entertainment,General Entertainment,1,G,medium,en,2024-01-01,2026-05-01
HT001663,ticks,Entertainment,General Entertainment,1,G,medium,en,2024-01-01,2026-05-01
HT001664,tik_tok,Entertainment,General Entertainment,1,G,high,en,2024-01-01,2026-05-01
HT001665,tiktok,Entertainment,General Entertainment,1,G,high,en,2024-01-01,2026-05-01
HT001666,tiktokberita,Entertainment,General Entertainment,1,G,viral,en,2024-01-01,2026-05-01
HT001667,tiktokcomedy,Entertainment,General Entertainment,1,G,viral,en,2024-01-01,2026-05-01
HT001668,tiktokdance,Entertainment,General Entertainment,1,G,viral,en,2024-01-01,2026-05-01
HT001669,tiktokdancechallenge,Entertainment,General Entertainment,1,G,viral,en,2024-01-01,2026-05-01
HT001670,tiktokdances,Entertainment,General Entertainment,1,G,viral,en,2024-01-01,2026-05-01
HT001671,tiktokdances2026,Entertainment,General Entertainment,1,G,viral,en,2024-01-01,2026-05-01
HT001672,tiktokews,Entertainment,General Entertainment,1,G,viral,en,2024-01-01,2026-05-01
HT001673,tiktokfamous,Entertainment,General Entertainment,1,G,viral,en,2024-01-01,2026-05-01
HT001674,tiktokgrowth,Entertainment,General Entertainment,1,G,viral,en,2024-01-01,2026-05-01
HT001675,tiktoklearningcampaign,Entertainment,General Entertainment,1,G,viral,en,2024-01-01,2026-05-01
HT001676,tiktokmademebuyit,Entertainment,General Entertainment,1,G,viral,en,2024-01-01,2026-05-01
HT001677,tiktokmilestonechallenge,Entertainment,General Entertainment,1,G,viral,en,2024-01-01,2026-05-01
HT001678,tiktokmusic,Entertainment,General Entertainment,1,G,viral,en,2024-01-01,2026-05-01
HT001679,tiktoknews,Entertainment,General Entertainment,1,G,viral,en,2024-01-01,2026-05-01
HT001680,tiktokpartner,Entertainment,General Entertainment,1,G,viral,en,2024-01-01,2026-05-01
HT001681,tiktoksg,Entertainment,General Entertainment,1,G,high,en,2024-01-01,2026-05-01
HT001682,tiktoktips,Entertainment,General Entertainment,1,G,viral,en,2024-01-01,2026-05-01
HT001683,tiktoktrend,Entertainment,General Entertainment,1,G,viral,en,2024-01-01,2026-05-01
HT001684,tiktoktrending,Entertainment,General Entertainment,1,G,viral,en,2024-01-01,2026-05-01
HT001685,tiktoktvfilmcontest,Entertainment,General Entertainment,1,G,viral,en,2024-01-01,2026-05-01
HT001686,tiktokusa,Entertainment,General Entertainment,1,G,viral,en,2024-01-01,2026-05-01
HT001687,tiktokvideos,Entertainment,General Entertainment,1,G,viral,en,2024-01-01,2026-05-01
HT001688,tiktokviral,Entertainment,General Entertainment,1,G,viral,en,2024-01-01,2026-05-01
HT001689,timburchett,Entertainment,General Entertainment,1,G,viral,en,2024-01-01,2026-05-01
HT001690,timeillusion,Entertainment,General Entertainment,1,G,viral,en,2024-01-01,2026-05-01
HT001691,tinhot,Entertainment,General Entertainment,1,G,high,en,2024-01-01,2026-05-01
HT001692,tinmoi,Entertainment,General Entertainment,1,G,high,en,2024-01-01,2026-05-01
HT001693,tintuc,Entertainment,General Entertainment,1,G,high,en,2024-01-01,2026-05-01
HT001694,tinyrobinkids,Entertainment,General Entertainment,1,G,viral,en,2024-01-01,2026-05-01
HT001695,tips,Lifestyle,Daily Living,1,G,medium,en,2024-01-01,2026-05-01
HT001696,tipsandtrick,Entertainment,General Entertainment,1,G,viral,en,2024-01-01,2026-05-01
HT001697,tipsandtricks,Entertainment,General Entertainment,1,G,viral,en,2024-01-01,2026-05-01
HT001698,titration,Entertainment,General Entertainment,1,G,viral,en,2024-01-01,2026-05-01
HT001699,tkl,Entertainment,General Entertainment,1,G,medium,en,2024-01-01,2026-05-01
HT001700,today,News & Politics,Current Affairs,0,PG-13,medium,en,2024-01-01,2026-05-01
HT001701,todayinamerica,Entertainment,General Entertainment,1,G,viral,en,2024-01-01,2026-05-01
HT001702,todaynews,Entertainment,General Entertainment,1,G,viral,en,2024-01-01,2026-05-01
HT001703,todayshow,Entertainment,General Entertainment,1,G,viral,en,2024-01-01,2026-05-01
HT001704,toktik,Entertainment,General Entertainment,1,G,high,en,2024-01-01,2026-05-01
HT001705,tomholland,Entertainment,General Entertainment,1,G,viral,en,2024-01-01,2026-05-01
HT001706,tomsegura,Entertainment,General Entertainment,1,G,viral,en,2024-01-01,2026-05-01
HT001707,tomseguracomedy,Entertainment,General Entertainment,1,G,viral,en,2024-01-01,2026-05-01
HT001708,tonystark,Entertainment,General Entertainment,1,G,viral,en,2024-01-01,2026-05-01
HT001709,top5,Entertainment,General Entertainment,1,G,medium,en,2024-01-01,2026-05-01
HT001710,topnews,Entertainment,General Entertainment,1,G,high,en,2024-01-01,2026-05-01
HT001711,tornado,Entertainment,General Entertainment,1,G,high,en,2024-01-01,2026-05-01
HT001712,tothecomments,Entertainment,General Entertainment,1,G,viral,en,2024-01-01,2026-05-01
HT001713,toyphotography,Entertainment,General Entertainment,1,G,viral,en,2024-01-01,2026-05-01
HT001714,toys,Entertainment,General Entertainment,1,G,medium,en,2024-01-01,2026-05-01
HT001715,tpusa,Entertainment,General Entertainment,1,G,medium,en,2024-01-01,2026-05-01
HT001716,tpw,Entertainment,General Entertainment,1,G,medium,en,2024-01-01,2026-05-01
HT001717,trafficaccidencts,Entertainment,General Entertainment,1,G,viral,en,2024-01-01,2026-05-01
HT001718,traineex,Entertainment,General Entertainment,1,G,high,en,2024-01-01,2026-05-01
HT001719,transition,Entertainment,General Entertainment,1,G,viral,en,2024-01-01,2026-05-01
HT001720,trap,Entertainment,General Entertainment,1,G,medium,en,2024-01-01,2026-05-01
HT001721,trarags,Entertainment,General Entertainment,1,G,high,en,2024-01-01,2026-05-01
HT001722,travel,Travel,Adventure & Places,1,G,high,en,2024-01-01,2026-05-01
HT001723,treanding,Entertainment,General Entertainment,1,G,viral,en,2024-01-01,2026-05-01
HT001724,tredding,Entertainment,General Entertainment,1,G,high,en,2024-01-01,2026-05-01
HT001725,treding,Entertainment,General Entertainment,1,G,high,en,2024-01-01,2026-05-01
HT001726,trend,Beauty & Fashion,Lifestyle & Style,1,G,medium,en,2024-01-01,2026-05-01
HT001727,trending,Entertainment,General Entertainment,1,G,high,en,2024-01-01,2026-05-01
HT001728,trending__capcut,Entertainment,General Entertainment,1,G,viral,en,2024-01-01,2026-05-01
HT001729,trendingaudio,Entertainment,General Entertainment,1,G,viral,en,2024-01-01,2026-05-01
HT001730,trendingdance,Entertainment,General Entertainment,1,G,viral,en,2024-01-01,2026-05-01
HT001731,trendingnews,Entertainment,General Entertainment,1,G,viral,en,2024-01-01,2026-05-01
HT001732,trendingnow,Entertainment,General Entertainment,1,G,viral,en,2024-01-01,2026-05-01
HT001733,trendingreels,Entertainment,General Entertainment,1,G,viral,en,2024-01-01,2026-05-01
HT001734,trendingsong,Entertainment,General Entertainment,1,G,viral,en,2024-01-01,2026-05-01
HT001735,trendingsound,Entertainment,General Entertainment,1,G,viral,en,2024-01-01,2026-05-01
HT001736,trendingsounds,Entertainment,General Entertainment,1,G,viral,en,2024-01-01,2026-05-01
HT001737,trendingtiktok,Entertainment,General Entertainment,1,G,viral,en,2024-01-01,2026-05-01
HT001738,trendingusa,Entertainment,General Entertainment,1,G,viral,en,2024-01-01,2026-05-01
HT001739,trendingvideo,Entertainment,General Entertainment,1,G,viral,en,2024-01-01,2026-05-01
HT001740,trends,Entertainment,General Entertainment,1,G,high,en,2024-01-01,2026-05-01
HT001741,trial,Entertainment,General Entertainment,1,G,medium,en,2024-01-01,2026-05-01
HT001742,trick,Entertainment,General Entertainment,1,G,medium,en,2024-01-01,2026-05-01
HT001743,trilliumhardtekk,Entertainment,General Entertainment,1,G,viral,en,2024-01-01,2026-05-01
HT001744,triplet,Entertainment,General Entertainment,1,G,high,en,2024-01-01,2026-05-01
HT001745,trivia,Entertainment,General Entertainment,1,G,high,en,2024-01-01,2026-05-01
HT001746,trollface,Entertainment,General Entertainment,1,G,viral,en,2024-01-01,2026-05-01
HT001747,truecrime,Entertainment,General Entertainment,1,G,viral,en,2024-01-01,2026-05-01
HT001748,trump,Entertainment,General Entertainment,1,G,medium,en,2024-01-01,2026-05-01
HT001749,trump2025,Entertainment,General Entertainment,1,G,viral,en,2024-01-01,2026-05-01
HT001750,trumprevealed,Entertainment,General Entertainment,1,G,viral,en,2024-01-01,2026-05-01
HT001751,trumptrial,Entertainment,General Entertainment,1,G,viral,en,2024-01-01,2026-05-01
HT001752,try,Entertainment,General Entertainment,1,G,medium,en,2024-01-01,2026-05-01
HT001753,tunes,Entertainment,General Entertainment,1,G,medium,en,2024-01-01,2026-05-01
HT001754,tungtungdancefilter,Entertainment,General Entertainment,1,G,viral,en,2024-01-01,2026-05-01
HT001755,tungtungtungsahur,Entertainment,General Entertainment,1,G,viral,en,2024-01-01,2026-05-01
HT001756,tvnews,Entertainment,General Entertainment,1,G,high,en,2024-01-01,2026-05-01
HT001757,twin,Entertainment,General Entertainment,1,G,medium,en,2024-01-01,2026-05-01
HT001758,twins,Entertainment,General Entertainment,1,G,medium,en,2024-01-01,2026-05-01
HT001759,typ,Entertainment,General Entertainment,1,G,medium,en,2024-01-01,2026-05-01
HT001760,uap,Entertainment,General Entertainment,1,G,medium,en,2024-01-01,2026-05-01
HT001761,ufo,Entertainment,General Entertainment,1,G,medium,en,2024-01-01,2026-05-01
HT001762,ufofiles,Entertainment,General Entertainment,1,G,high,en,2024-01-01,2026-05-01
HT001763,uganda,Entertainment,General Entertainment,1,G,high,en,2024-01-01,2026-05-01
HT001764,uk,Entertainment,General Entertainment,1,G,low,en,2024-01-01,2026-05-01
HT001765,uknews,Entertainment,General Entertainment,1,G,high,en,2024-01-01,2026-05-01
HT001766,uktiktok,Entertainment,General Entertainment,1,G,high,en,2024-01-01,2026-05-01
HT001767,ultimahora,Entertainment,General Entertainment,1,G,viral,en,2024-01-01,2026-05-01
HT001768,unanswered,Entertainment,General Entertainment,1,G,viral,en,2024-01-01,2026-05-01
HT001769,undereyebags,Entertainment,General Entertainment,1,G,viral,en,2024-01-01,2026-05-01
HT001770,underratedmusic,Entertainment,General Entertainment,1,G,viral,en,2024-01-01,2026-05-01
HT001771,unexplained,Entertainment,General Entertainment,1,G,viral,en,2024-01-01,2026-05-01
HT001772,unfreezemyaccoun,Entertainment,General Entertainment,1,G,viral,en,2024-01-01,2026-05-01
HT001773,unfreezemyaccount,Entertainment,General Entertainment,1,G,viral,en,2024-01-01,2026-05-01
HT001774,unfreezemyacount,Entertainment,General Entertainment,1,G,viral,en,2024-01-01,2026-05-01
HT001775,unitedstates,Entertainment,General Entertainment,1,G,viral,en,2024-01-01,2026-05-01
HT001776,universe,Science & Education,STEM & Learning,1,G,high,en,2024-01-01,2026-05-01
HT001777,update,News & Politics,Current Affairs,0,PG-13,high,en,2024-01-01,2026-05-01
HT001778,updatenews,Entertainment,General Entertainment,1,G,viral,en,2024-01-01,2026-05-01
HT001779,ureteroscopy,Entertainment,General Entertainment,1,G,viral,en,2024-01-01,2026-05-01
HT001780,ureterstone,Entertainment,General Entertainment,1,G,viral,en,2024-01-01,2026-05-01
HT001781,ureterstonetreatment,Entertainment,General Entertainment,1,G,viral,en,2024-01-01,2026-05-01
HT001782,urinarycatheter,Entertainment,General Entertainment,1,G,viral,en,2024-01-01,2026-05-01
HT001783,urinarycatheterization,Entertainment,General Entertainment,1,G,viral,en,2024-01-01,2026-05-01
HT001784,urinarycatheters,Entertainment,General Entertainment,1,G,viral,en,2024-01-01,2026-05-01
HT001785,urinedrainagebag,Entertainment,General Entertainment,1,G,viral,en,2024-01-01,2026-05-01
HT001786,us,Entertainment,General Entertainment,1,G,low,en,2024-01-01,2026-05-01
HT001787,usa,News & Politics,Current Affairs,0,PG-13,medium,en,2024-01-01,2026-05-01
HT001788,usa_tiktok,Entertainment,General Entertainment,1,G,viral,en,2024-01-01,2026-05-01
HT001789,usagirls,Entertainment,General Entertainment,1,G,high,en,2024-01-01,2026-05-01
HT001790,usanews,Entertainment,General Entertainment,1,G,high,en,2024-01-01,2026-05-01
HT001791,usatiktok,Entertainment,General Entertainment,1,G,viral,en,2024-01-01,2026-05-01
HT001792,usatoday,Entertainment,General Entertainment,1,G,high,en,2024-01-01,2026-05-01
HT001793,usaus,Entertainment,General Entertainment,1,G,medium,en,2024-01-01,2026-05-01
HT001794,usnews,Entertainment,General Entertainment,1,G,high,en,2024-01-01,2026-05-01
HT001795,uspolitics,Entertainment,General Entertainment,1,G,viral,en,2024-01-01,2026-05-01
HT001796,utah,Entertainment,General Entertainment,1,G,medium,en,2024-01-01,2026-05-01
HT001797,vacation,Travel,Adventure & Places,1,G,high,en,2024-01-01,2026-05-01
HT001798,vaiprofy,Entertainment,General Entertainment,1,G,high,en,2024-01-01,2026-05-01
HT001799,vairal_video,Entertainment,General Entertainment,1,G,viral,en,2024-01-01,2026-05-01
HT001800,vairl,Entertainment,General Entertainment,1,G,medium,en,2024-01-01,2026-05-01
HT001801,vans,Entertainment,General Entertainment,1,G,medium,en,2024-01-01,2026-05-01
HT001802,venom,Entertainment,General Entertainment,1,G,medium,en,2024-01-01,2026-05-01
HT001803,veritasium,Entertainment,General Entertainment,1,G,viral,en,2024-01-01,2026-05-01
HT001804,vewsproblem,Entertainment,General Entertainment,1,G,viral,en,2024-01-01,2026-05-01
HT001805,vibe,Entertainment,General Entertainment,1,G,medium,en,2024-01-01,2026-05-01
HT001806,vibes,Entertainment,General Entertainment,1,G,medium,en,2024-01-01,2026-05-01
HT001807,vibewithme,Entertainment,General Entertainment,1,G,viral,en,2024-01-01,2026-05-01
HT001808,video,Entertainment,General Entertainment,1,G,medium,en,2024-01-01,2026-05-01
HT001809,videoforyoupage,Entertainment,General Entertainment,1,G,viral,en,2024-01-01,2026-05-01
HT001810,videos,Entertainment,General Entertainment,1,G,high,en,2024-01-01,2026-05-01
HT001811,videoviral,Entertainment,General Entertainment,1,G,viral,en,2024-01-01,2026-05-01
HT001812,vidio,Entertainment,General Entertainment,1,G,medium,en,2024-01-01,2026-05-01
HT001813,view,Entertainment,General Entertainment,1,G,medium,en,2024-01-01,2026-05-01
HT001814,violin,Entertainment,General Entertainment,1,G,high,en,2024-01-01,2026-05-01
HT001815,vira,Entertainment,General Entertainment,1,G,medium,en,2024-01-01,2026-05-01
HT001816,viral,Entertainment,General Entertainment,1,G,medium,en,2024-01-01,2026-05-01
HT001817,viral_video,Entertainment,General Entertainment,1,G,viral,en,2024-01-01,2026-05-01
HT001818,viral_video_tiktok,Entertainment,General Entertainment,1,G,viral,en,2024-01-01,2026-05-01
HT001819,viralbangla,Entertainment,General Entertainment,1,G,viral,en,2024-01-01,2026-05-01
HT001820,viraldance,Entertainment,General Entertainment,1,G,viral,en,2024-01-01,2026-05-01
HT001821,viralditiktok,Entertainment,General Entertainment,1,G,viral,en,2024-01-01,2026-05-01
HT001822,virales,Entertainment,General Entertainment,1,G,high,en,2024-01-01,2026-05-01
HT001823,viralhealth,Entertainment,General Entertainment,1,G,viral,en,2024-01-01,2026-05-01
HT001824,viraliza,Entertainment,General Entertainment,1,G,high,en,2024-01-01,2026-05-01
HT001825,viraljapanesemask,Entertainment,General Entertainment,1,G,viral,en,2024-01-01,2026-05-01
HT001826,viralllllll,Entertainment,General Entertainment,1,G,viral,en,2024-01-01,2026-05-01
HT001827,viralmoments,Entertainment,General Entertainment,1,G,viral,en,2024-01-01,2026-05-01
HT001828,viralmovie,Entertainment,General Entertainment,1,G,viral,en,2024-01-01,2026-05-01
HT001829,viralmovieclips,Entertainment,General Entertainment,1,G,viral,en,2024-01-01,2026-05-01
HT001830,viralmusic,Entertainment,General Entertainment,1,G,viral,en,2024-01-01,2026-05-01
HT001831,viralmyvideo,Entertainment,General Entertainment,1,G,viral,en,2024-01-01,2026-05-01
HT001832,viralnews,Entertainment,General Entertainment,1,G,viral,en,2024-01-01,2026-05-01
HT001833,viralrecipe,Entertainment,General Entertainment,1,G,viral,en,2024-01-01,2026-05-01
HT001834,viralsong,Entertainment,General Entertainment,1,G,viral,en,2024-01-01,2026-05-01
HT001835,viraltest,Entertainment,General Entertainment,1,G,viral,en,2024-01-01,2026-05-01
HT001836,viraltikto,Entertainment,General Entertainment,1,G,viral,en,2024-01-01,2026-05-01
HT001837,viraltiktok,Entertainment,General Entertainment,1,G,viral,en,2024-01-01,2026-05-01
HT001838,viralvideo,Entertainment,General Entertainment,1,G,viral,en,2024-01-01,2026-05-01
HT001839,viralvideos,Entertainment,General Entertainment,1,G,viral,en,2024-01-01,2026-05-01
HT001840,virel,Entertainment,General Entertainment,1,G,medium,en,2024-01-01,2026-05-01
HT001841,vitamind,Entertainment,General Entertainment,1,G,high,en,2024-01-01,2026-05-01
HT001842,vlogger,Entertainment,General Entertainment,1,G,high,en,2024-01-01,2026-05-01
HT001843,voiceeffects,Entertainment,General Entertainment,1,G,viral,en,2024-01-01,2026-05-01
HT001844,voiceforfloodvictims,Entertainment,General Entertainment,1,G,viral,en,2024-01-01,2026-05-01
HT001845,vs,Entertainment,General Entertainment,1,G,low,en,2024-01-01,2026-05-01
HT001846,wall,Entertainment,General Entertainment,1,G,medium,en,2024-01-01,2026-05-01
HT001847,waranalysis,Entertainment,General Entertainment,1,G,viral,en,2024-01-01,2026-05-01
HT001848,washington,Entertainment,General Entertainment,1,G,viral,en,2024-01-01,2026-05-01
HT001849,washingtondc,Entertainment,General Entertainment,1,G,viral,en,2024-01-01,2026-05-01
HT001850,watchnow,Entertainment,General Entertainment,1,G,high,en,2024-01-01,2026-05-01
HT001851,watchtillend,Entertainment,General Entertainment,1,G,viral,en,2024-01-01,2026-05-01
HT001852,water,Entertainment,General Entertainment,1,G,medium,en,2024-01-01,2026-05-01
HT001853,watercycle,Entertainment,General Entertainment,1,G,viral,en,2024-01-01,2026-05-01
HT001854,waterdance,Entertainment,General Entertainment,1,G,viral,en,2024-01-01,2026-05-01
HT001855,waves,Entertainment,General Entertainment,1,G,medium,en,2024-01-01,2026-05-01
HT001856,wearsunglasses,Entertainment,General Entertainment,1,G,viral,en,2024-01-01,2026-05-01
HT001857,weather,Entertainment,General Entertainment,1,G,high,en,2024-01-01,2026-05-01
HT001858,weirdscience,Entertainment,General Entertainment,1,G,viral,en,2024-01-01,2026-05-01
HT001859,wellness,Lifestyle,Daily Living,1,G,high,en,2024-01-01,2026-05-01
HT001860,wendy,Entertainment,General Entertainment,1,G,medium,en,2024-01-01,2026-05-01
HT001861,wendyguevara,Entertainment,General Entertainment,1,G,viral,en,2024-01-01,2026-05-01
HT001862,wendyortiz,Entertainment,General Entertainment,1,G,viral,en,2024-01-01,2026-05-01
HT001863,wendyortizlive,Entertainment,General Entertainment,1,G,viral,en,2024-01-01,2026-05-01
HT001864,whatdoyoudoforaliving,Entertainment,General Entertainment,1,G,viral,en,2024-01-01,2026-05-01
HT001865,whatstheworth,Entertainment,General Entertainment,1,G,viral,en,2024-01-01,2026-05-01
HT001866,whcd,Entertainment,General Entertainment,1,G,medium,en,2024-01-01,2026-05-01
HT001867,whdc2024,Entertainment,General Entertainment,1,G,high,en,2024-01-01,2026-05-01
HT001868,whiskey,Entertainment,General Entertainment,1,G,high,en,2024-01-01,2026-05-01
HT001869,whiskeyginger,Entertainment,General Entertainment,1,G,viral,en,2024-01-01,2026-05-01
HT001870,whiskeytok,Entertainment,General Entertainment,1,G,viral,en,2024-01-01,2026-05-01
HT001871,whitehouse,Entertainment,General Entertainment,1,G,viral,en,2024-01-01,2026-05-01
HT001872,whitehousedrama,Entertainment,General Entertainment,1,G,viral,en,2024-01-01,2026-05-01
HT001873,wifetok,Entertainment,General Entertainment,1,G,high,en,2024-01-01,2026-05-01
HT001874,wiggies,Entertainment,General Entertainment,1,G,high,en,2024-01-01,2026-05-01
HT001875,wild,Entertainment,General Entertainment,1,G,medium,en,2024-01-01,2026-05-01
HT001876,wildlife,Animals & Pets,Nature & Creatures,1,G,high,en,2024-01-01,2026-05-01
HT001877,wish,Entertainment,General Entertainment,1,G,medium,en,2024-01-01,2026-05-01
HT001878,wissen,Entertainment,General Entertainment,1,G,high,en,2024-01-01,2026-05-01
HT001879,wissenschaft,Entertainment,General Entertainment,1,G,viral,en,2024-01-01,2026-05-01
HT001880,wolverine,Entertainment,General Entertainment,1,G,viral,en,2024-01-01,2026-05-01
HT001881,womeningeology,Entertainment,General Entertainment,1,G,viral,en,2024-01-01,2026-05-01
HT001882,womeninscience,Entertainment,General Entertainment,1,G,viral,en,2024-01-01,2026-05-01
HT001883,womeninstem,Entertainment,General Entertainment,1,G,viral,en,2024-01-01,2026-05-01
HT001884,womenshealth,Entertainment,General Entertainment,1,G,viral,en,2024-01-01,2026-05-01
HT001885,work,Entertainment,General Entertainment,1,G,medium,en,2024-01-01,2026-05-01
HT001886,workout,Sports,Health & Athletics,1,G,high,en,2024-01-01,2026-05-01
HT001887,world,News & Politics,Current Affairs,0,PG-13,medium,en,2024-01-01,2026-05-01
HT001888,worldnews,Entertainment,General Entertainment,1,G,viral,en,2024-01-01,2026-05-01
HT001889,worldpolitics,Entertainment,General Entertainment,1,G,viral,en,2024-01-01,2026-05-01
HT001890,worry,Entertainment,General Entertainment,1,G,medium,en,2024-01-01,2026-05-01
HT001891,worstperson,Entertainment,General Entertainment,1,G,viral,en,2024-01-01,2026-05-01
HT001892,wtf,Entertainment,General Entertainment,1,G,medium,en,2024-01-01,2026-05-01
HT001893,xh,Entertainment,General Entertainment,1,G,low,en,2024-01-01,2026-05-01
HT001894,xhtiktok,Entertainment,General Entertainment,1,G,high,en,2024-01-01,2026-05-01
HT001895,xi9wil,Entertainment,General Entertainment,1,G,high,en,2024-01-01,2026-05-01
HT001896,xmen,Entertainment,General Entertainment,1,G,medium,en,2024-01-01,2026-05-01
HT001897,xuhuong,Entertainment,General Entertainment,1,G,high,en,2024-01-01,2026-05-01
HT001898,xwyzabc,Entertainment,General Entertainment,1,G,high,en,2024-01-01,2026-05-01
HT001899,xybca,Entertainment,General Entertainment,1,G,medium,en,2024-01-01,2026-05-01
HT001900,xycba,Entertainment,General Entertainment,1,G,medium,en,2024-01-01,2026-05-01
HT001901,xyz,Entertainment,General Entertainment,1,G,medium,en,2024-01-01,2026-05-01
HT001902,xyzabc,Entertainment,General Entertainment,1,G,high,en,2024-01-01,2026-05-01
HT001903,xyzbca,Entertainment,General Entertainment,1,G,high,en,2024-01-01,2026-05-01
HT001904,xyzcba,Entertainment,General Entertainment,1,G,high,en,2024-01-01,2026-05-01
HT001905,xzcyba,Entertainment,General Entertainment,1,G,high,en,2024-01-01,2026-05-01
HT001906,yallmissedus,Entertainment,General Entertainment,1,G,viral,en,2024-01-01,2026-05-01
HT001907,yasonlas740,Entertainment,General Entertainment,1,G,viral,en,2024-01-01,2026-05-01
HT001908,yfp,Entertainment,General Entertainment,1,G,medium,en,2024-01-01,2026-05-01
HT001909,you,Entertainment,General Entertainment,1,G,medium,en,2024-01-01,2026-05-01
HT001910,youngho,Entertainment,General Entertainment,1,G,high,en,2024-01-01,2026-05-01
HT001911,youtubeshorts,Entertainment,General Entertainment,1,G,viral,en,2024-01-01,2026-05-01
HT001912,yr11,Entertainment,General Entertainment,1,G,medium,en,2024-01-01,2026-05-01
HT001913,yr7,Entertainment,General Entertainment,1,G,medium,en,2024-01-01,2026-05-01
HT001914,yulay,Entertainment,General Entertainment,1,G,medium,en,2024-01-01,2026-05-01
HT001915,yulay_oficial,Entertainment,General Entertainment,1,G,viral,en,2024-01-01,2026-05-01
HT001916,zacklee,Entertainment,General Entertainment,1,G,high,en,2024-01-01,2026-05-01
HT001917,zafarwal,Entertainment,General Entertainment,1,G,high,en,2024-01-01,2026-05-01
HT001918,zaralarsson,Entertainment,General Entertainment,1,G,viral,en,2024-01-01,2026-05-01
HT001919,zootopia2,Entertainment,General Entertainment,1,G,viral,en,2024-01-01,2026-05-01
HT001920,zxybca,Entertainment,General Entertainment,1,G,high,en,2024-01-01,2026-05-01
HT001921,zztop,Entertainment,General Entertainment,1,G,medium,en,2024-01-01,2026-05-01
HT001922,follow,Lifestyle,Daily Living,1,G,high,en,2024-01-01,2026-05-01
HT001923,educate,Science & Education,STEM & Learning,1,G,high,en,2024-01-01,2026-05-01
HT001924,danceviral,Dance,Movement & Arts,1,G,high,en,2024-01-01,2026-05-01
HT001925,gaminglife,Gaming,Digital Entertainment,1,G,high,en,2024-01-01,2026-05-01
HT001926,techreview,Technology,Innovation & Tech,1,G,high,en,2024-01-01,2026-05-01
HT001927,aitools,Technology,Innovation & Tech,1,G,high,en,2024-01-01,2026-05-01
